"plot_ID","inv_year","e_form","e_ID","geometry"
10003,2012,1,1,list(c(-42.4534006665433, 42.3884966005049, -42.4102923857499, -42.4534006665433, -42.399395890106, -42.4642832972486, 42.4425152383221, -42.399395890106))
10005,2012,1,1,list(c(55.4334510440965, 22.9599462515369, -22.9587865395182, 55.4334510440965, -22.9593663967837, 55.4332108769331, -55.4336912051943, -22.9593663967837))
10013,2012,1,1,list(c(55.0834810436945, 23.8046127728131, -23.7689116578657, 55.0834810436945, -23.7867634643502, 55.0757697244117, -55.0911865782593, -23.7867634643502))
10014,2012,1,1,list(c(59.8175487395663, 4.68701648216699, -4.66410366201552, 59.8175487395663, 4.67556015784311, -59.8166521672343, 59.8184431177373, 4.67556015784311))
10024,2012,1,1,list(c(17.6231759145927, 57.3559125194097, -57.3510813193526, 17.6231759145927, 57.3534974581613, -17.6153143334379, 17.6310371646425, 57.3534974581613))
10033,2012,1,1,list(c(44.3911490717815, 40.3711643932861, -40.3611305889553, 44.3911490717815, -40.3661477489105, 44.3865867749512, -44.3957108016225, -40.3661477489105))
30009,2011,1,1,list(c(14.8217742231938, 58.1454138647098, -58.1355326964051, 14.8217742231938, -58.1404765105745, 14.8023932693877, -14.8411535301408, -58.1404765105745))
30016,2011,1,1,list(c(47.9871113139667, 36.0204247747819, -36.0139320781549, 47.9871113139667, 36.0171785088861, -47.984674626846, 47.9895477814706, 36.0171785088861))
30026,2011,1,1,list(c(28.9702003756258, 52.5521376092072, -52.5331076422154, 28.9702003756258, 52.5426254596788, -28.9529416934264, 28.9874559327204, 52.5426254596788))
30031,2011,1,1,list(c(-18.4688011803638, 57.0807539428276, -57.0928512977125, -18.4688011803638, -57.0868056818753, -18.4874965670957, 18.4501038126425, -57.0868056818753))
30040,2011,1,1,list(c(37.4839099611463, 46.8570501056297, -46.8436739929043, 37.4839099611463, -46.8503627950166, 37.4755501013461, -37.4922686276318, -46.8503627950166))
30042,2011,1,1,list(c(-58.9406758254661, 11.2178762573134, -11.2317768790093, -58.9406758254661, 11.2248266462033, 58.9419990522514, -58.9393517790971, 11.2248266462033))
30058,2011,1,1,list(c(-59.9711261532538, 1.85325794236362, -1.86912186088986, -59.9711261532538, -1.8611899179061, -59.971371795208, 59.9708794621952, -1.8611899179061))
30059,2011,1,1,list(c(11.176411540732, 58.9522456693984, -58.947502737717, 11.176411540732, 58.9498755305912, -11.1639030152944, 11.1889195629803, 58.9498755305912))
30063,2011,1,1,list(c(23.7682801013104, 55.097406041951, -55.08550862107, 23.7682801013104, 55.0914590569687, -23.7544911005977, 23.7820676131834, 55.0914590569687))
30094,2011,1,1,list(c(36.0565746188909, 47.9673528516635, -47.9476773686296, 36.0565746188909, -47.9575168951892, 36.0434884605251, -36.0696580931092, -47.9575168951892))
30112,2011,1,1,list(c(39.6574576339586, 45.0319369438514, -45.0188487008526, 39.6574576339586, 45.0253934353802, -39.6500271763462, 39.6648870116851, 45.0253934353802))
30127,2011,1,1,list(c(-34.4531587039411, 49.1147782881189, -49.1294021326829, -34.4531587039411, 49.1220913166474, 34.4635830074141, -34.4427328486741, 49.1220913166474))
30130,2011,1,1,list(c(-36.750110868768, 47.4203349761234, -47.435961587801, -36.750110868768, 47.4281493538727, 36.760193562497, -36.7400265138809, 47.4281493538727))
30148,2011,1,1,list(c(13.046780657231, 58.5674122625289, -58.5612575611582, 13.046780657231, 58.5643365409538, -13.0329666949233, 13.0605938936825, 58.5643365409538))
30150,2011,1,1,list(c(-51.6361968538787, 30.5514913087529, -30.561622357034, -51.6361968538787, -30.5565569799264, -51.6391942114824, 51.6331989993458, -30.5565569799264))
30157,2011,1,1,list(c(26.3468166791313, 53.9113761245811, -53.9004066256561, 26.3468166791313, 53.9058925431743, -26.335594247215, 26.3580379692596, 53.9058925431743))
30159,2011,1,1,list(c(-55.8312494160956, 21.9581915338087, -21.9904852721932, -55.8312494160956, 21.9743393219846, 55.8376022458394, -55.8248919165407, 21.9743393219846))
30178,2011,1,1,list(c(-56.4662550175432, 20.2795280771992, -20.2944555627188, -56.4662550175432, -20.2869919971832, -56.4689360707822, 56.4635729777423, -20.2869919971832))
30188,2011,1,1,list(c(18.556074739921, 57.0603140019474, -57.0566796322005, 18.556074739921, -57.0584970906741, 18.550486947764, -18.5616623541222, -57.0584970906741))
30506,2011,1,1,list(c(3.75852285091634, 59.8823202900567, -59.8820066146633, 3.75852285091634, 59.8821635044956, -3.75602405198211, 3.76102164330596, 59.8821635044956))
30506,2011,1,2,list(c(7.56274515517493, 59.5234300102784, -59.5194974778483, 7.56274515517493, -59.5214657557917, 7.54726969251095, -7.57822010662204, -59.5214657557917))
30509,2011,1,1,list(c(40.3611617071244, 44.4004322010519, -44.3909322068166, 40.3611617071244, 44.3956825113812, -40.3559366185422, 40.3663862366922, 44.3956825113812))
30509,2011,1,2,list(c(27.259587911259, 53.4546139816053, -53.4456159355963, 27.259587911259, 53.4501156865758, -27.2507659356131, 27.2684091443696, 53.4501156865758))
30512,2011,1,1,list(c(0.925859138727831, 59.9929464926367, -59.9927651624046, 0.925859138727831, 59.9928561151679, -0.919984310533843, 0.931733958043403, 59.9928561151679))
30515,2011,1,1,list(c(28.1024073923367, 53.0175720253824, -53.0060966832314, 28.1024073923367, 53.0118354592174, -28.0915833753348, 28.1132302378777, 53.0118354592174))
30517,2011,1,2,list(c(-59.970288666317, 1.88672603105255, -1.88923862823602, -59.970288666317, 1.88798233005855, 59.9703282039022, -59.970249102414, 1.88798233005855))
30520,2011,1,1,list(c(-11.2879735142476, 58.9261230157824, -58.9311039142101, -11.2879735142476, 58.9286148992291, 11.3009745742956, -11.2749719047354, 58.9286148992291))
30522,2011,1,1,list(c(52.1102874406201, 29.7462096436014, -29.7354827830885, 52.1102874406201, 29.7408463708744, -52.107226100023, 52.1133482291883, 29.7408463708744))
30523,2011,1,1,list(c(29.7805030552854, 52.0955767523452, -52.0796879643585, 29.7805030552854, 52.0876342117218, -29.7666068412325, 29.7943971500525, 52.0876342117218))
30602,2011,1,1,list(c(-59.7358067322262, 5.61674401800496, -5.63197031498503, -59.7358067322262, 5.62435721217246, 59.7365230544615, -59.7350894397182, 5.62435721217246))
30605,2011,1,1,list(c(-18.4968432243175, 57.0721464969413, -57.0833000588745, -18.4968432243175, -57.0777258721388, -18.5140512646927, 18.479633502548, -57.0777258721388))
30619,2011,1,1,list(c(46.8652245861551, 37.4756692035826, -37.4549828987332, 46.8652245861551, 37.4653269635972, -46.8569548492393, 46.8734920403377, 37.4653269635972))
30622,2011,1,1,list(c(57.5914971438717, 16.8477841167222, -16.8104646194105, 57.5914971438717, -16.8291252514033, 57.5860414541261, -57.596946787825, -16.8291252514033))
30624,2011,1,1,list(c(55.4165025600506, 23.016963067765, -22.9835237060406, 55.4165025600506, -23.0002444337425, 55.4095606473932, -55.4234394282227, -23.0002444337425))
30638,2011,1,1,list(c(23.7780019505951, 55.0951782010623, -55.0793431144971, 23.7780019505951, -55.0872637116557, 23.7596578046316, -23.7963434601935, -55.0872637116557))
30641,2011,1,1,list(c(-14.0403835130615, 58.3326543793911, -58.3355519936019, -14.0403835130615, -58.3341034970638, -14.0464028510686, 14.0343640255541, -58.3341034970638))
30648,2011,1,1,list(c(-53.4493042974384, 27.2551367141238, -27.2672205578618, -53.4493042974384, 27.2611788101658, 53.4523855659822, -53.4462223459144, 27.2611788101658))
30651,2011,1,1,list(c(-59.5239743116963, 7.53774745136162, -7.54820385461492, -59.5239743116963, -7.54297568208429, -59.5246366083783, 59.5233115558029, -7.54297568208429))
30652,2011,1,1,list(c(2.88216879025898, 59.9310600913053, -59.9304109076694, 2.88216879025898, 59.9307358795506, -2.87541933156862, 2.88891821239358, 59.9307358795506))
40003,2011,1,1,list(c(-33.7026514357797, 49.6343019441661, -49.6457305973357, -33.7026514357797, 49.6400169842672, 33.7110674781347, -33.6942344245534, 49.6400169842672))
50005,2011,1,1,list(c(47.9688506039517, 36.0466691088511, -36.0363207465116, 47.9688506039517, -36.0414951373519, 47.964962693168, -47.9727379566201, -36.0414951373519))
50006,2011,1,1,list(c(54.6879408570753, 24.6862665490297, -24.6788677878793, 54.6879408570753, -24.6825672249268, 54.6862710730057, -54.6896103908994, -24.6825672249268))
50007,2011,1,1,list(c(59.9929289127911, 0.927600852464091, -0.914659123673746, 59.9929289127911, 0.921129993427075, -59.992829210319, 59.9930279173129, 0.921129993427075))
50009,2012,1,1,list(c(13.9541010177763, 58.3581951159986, -58.3514079744739, 13.9541010177763, -58.3548032709022, 13.9399089955076, -13.9682922147448, -58.3548032709022))
50009,2012,1,2,list(c(-53.4720600520679, 27.2031410334159, -27.2298911232871, -53.4720600520679, 27.2165169297624, 53.478866086671, -53.4652506719451, 27.2165169297624))
50013,2011,1,1,list(c(28.1141956804143, 53.0146927186716, -52.9964709610452, 28.1141956804143, -53.0055846231638, 28.0970168513462, -28.1313715569486, -53.0055846231638))
50014,2011,1,1,list(c(41.7201714883262, 43.1344857645448, -43.107663996502, 41.7201714883262, 43.1210771083545, -41.7063081299254, 41.7340305358191, 43.1210771083545))
50025,2011,1,1,list(c(22.9961722677467, 55.4243890678038, -55.4119919249448, 22.9961722677467, 55.4181925096093, -22.9812335713449, 23.0111092933361, 55.4181925096093))
50026,2011,1,1,list(c(43.7489148747473, 41.0664762869983, -41.0561740333113, 43.7489148747473, 41.0613254447797, -43.7440798893909, 43.7537492535949, 41.0613254447797))
50033,2011,1,1,list(c(-17.660804718447, 57.339083187621, -57.3447586002528, -17.660804718447, 57.341921634149, 17.6700180872312, -17.6515908937052, 57.341921634149))
50036,2011,1,1,list(c(-59.7324378201795, 5.64988464331796, -5.67016326034891, -59.7324378201795, -5.66002403337602, -59.7333977228585, 59.7314761963991, -5.66002403337602))
50039,2011,1,1,list(c(10.3100494956346, 59.1080373283884, -59.1070695184308, 10.3100494956346, -59.1075534885142, 10.3072752551701, -10.3128237133868, -59.1075534885142))
50039,2011,1,2,list(c(11.2475713137814, 58.9366922234365, -58.9359871578196, 11.2475713137814, -58.9363397195771, 11.2457240656137, -11.2494185508997, -58.9363397195771))
50041,2012,1,1,list(c(3.73552108088324, 59.8845344923347, -59.8826673330513, 3.73552108088324, -59.883602782851, 3.72055488286083, -3.75048704558587, -59.883602782851))
50042,2011,1,1,list(c(43.7195878453323, 41.101304146154, -41.0837935520163, 43.7195878453323, -41.0925496730767, 43.7113577630042, -43.7278161743221, -41.0925496730767))
50045,2011,1,1,list(c(-59.7366431929911, 5.60533882846365, -5.62559330150199, -59.7366431929911, -5.61546614567958, -59.7375943323643, 59.7356903367333, -5.61546614567958))
50047,2012,1,1,list(c(-1.8248176859851, 59.9716865156654, -59.9727957777539, -1.8248176859851, -59.972243916773, -1.84304543263511, 1.80658977076177, -59.972243916773))
50048,2012,1,1,list(c(-57.3706033113135, 17.5486772831132, -17.586139796122, -57.3706033113135, -17.5674094759558, -57.3763359375025, 57.3648645694493, -17.5674094759558))
50050,2012,1,1,list(c(-5.63946760527736, 59.7342049454988, -59.73455919993, -5.63946760527736, -59.7343821021782, -5.64134376980791, 5.63759143518352, -59.7343821021782))
50053,2012,1,1,list(c(-32.0867615879788, 50.6888377975229, -50.710165094911, -32.0867615879788, -50.6995042460596, -32.103609185517, 32.0699104465053, -50.6995042460596))
50056,2012,1,1,list(c(-58.9303388752977, 11.2674332031651, -11.2905059905889, -58.9303388752977, 11.2789698130004, 58.9325457537023, -58.9281297384914, 11.2789698130004))
50057,2012,1,2,list(c(33.762206385258, 49.6107688667633, -49.5882865174349, 33.762206385258, 49.5995304413181, -33.7456902796281, 33.7787187481228, 49.5995304413181))
50058,2011,1,1,list(c(-21.2383482288207, 56.1109199918087, -56.1197786169249, -21.2383482288207, 56.1153505247125, 21.2500507687122, -21.2266447651846, 56.1153505247125))
50059,2012,1,1,list(c(-32.1305850661034, 50.6665787977373, -50.6769051961939, -32.1305850661034, 50.6717426512045, 32.1387273072952, -32.1224419952154, 50.6717426512045))
50059,2012,1,2,list(c(42.4330578367548, 42.4230588239743, -42.4164506444912, 42.4330578367548, 42.4197548628304, -42.4297546542237, 42.4363607620098, 42.4197548628304))
50060,2012,1,1,list(c(10.2905869243661, 59.1122585624756, -59.1096305068444, 10.2905869243661, -59.1109450165709, 10.2830388330995, -10.2981348478416, -59.1109450165709))
50061,2012,1,1,list(c(-29.7623574219231, 52.0899804984563, -52.1060248663584, -29.7623574219231, -52.0980045749326, -29.7763989036693, 29.7483137778672, -52.0980045749326))
50063,2011,1,1,list(c(59.2596476684725, 9.40080952261299, -9.39218467638755, 59.2596476684725, -9.39649712438085, 59.2589637128388, -59.260331310284, -9.39649712438085))
50063,2011,1,2,list(c(-2.77671589098597, 59.934785884609, -59.9366360662844, -2.77671589098597, 59.9357143017479, 2.79668392316246, -2.75674755060615, 59.9357143017479))
50064,2011,1,1,list(c(-54.2654428017871, 25.5808811883259, -25.6152769375362, -54.2654428017871, -25.5980803484553, -54.2735526534679, 54.2573274997334, -25.5980803484553))
50065,2012,1,1,list(c(-45.0418848426422, 39.6281179971524, -39.6493320800726, -45.0418848426422, -39.6387261377325, -45.0512182299632, 45.0325489574388, -39.6387261377325))
50069,2011,1,1,list(c(59.6327921254327, 6.64773440667293, -6.60822251893209, 59.6327921254327, -6.62797882653024, 59.630593048018, -59.6349846578355, -6.62797882653024))
50069,2011,1,2,list(c(-45.6143651925145, 38.972544549661, -38.9846144926994, -45.6143651925145, 38.9785798623285, 45.6195218226221, -45.609207763955, 38.9785798623285))
50070,2011,1,1,list(c(17.6405460443367, 57.3483417147498, -57.3479726967926, 17.6405460443367, 57.3481572089081, -17.6399462178402, 17.6411458689034, 57.3481572089081))
50072,2012,1,1,list(c(-46.9191785948297, 37.3868794345168, -37.4085911533383, -46.9191785948297, -37.397736294948, -46.9278301879482, 46.9105244899519, -37.397736294948))
50075,2011,1,2,list(c(-27.2443439891698, 53.4567499306775, -53.4590246887713, -27.2443439891698, 53.4578873563087, 27.2465756903324, -27.2421122405245, 53.4578873563087))
50083,2011,1,1,list(c(-28.105411741526, 53.0034153972562, -53.0170668709345, -28.105411741526, 53.0102426974193, 28.1182850868596, -28.0925367384803, 53.0102426974193))
50086,2011,1,1,list(c(42.3970461391092, 42.4683330006904, -42.443157854015, 42.3970461391092, -42.4557472985489, 42.3844392689401, -42.4096492720603, -42.4557472985489))
50090,2011,1,1,list(c(-14.9558839249053, 58.1012717575403, -58.1109682384469, -14.9558839249053, 58.1061230510586, 14.9747193682036, -14.9370469099556, 58.1061230510586))
50092,2011,1,1,list(c(21.2555400764349, 56.1148827434685, -56.1027943220414, 21.2555400764349, 56.1088408012415, -21.2395841458061, 21.2714942883362, 56.1088408012415))
50102,2011,1,2,list(c(37.5335305786584, 46.8173181296905, -46.8039190440892, 37.5335305786584, -46.8106193325929, 37.5251745251552, -37.5418854363275, -46.8106193325929))
50104,2012,1,1,list(c(-43.7104027781778, 41.0920090205601, -41.1126281962601, -43.7104027781778, -41.1023197516815, -43.7200960046316, 43.7007071200922, -41.1023197516815))
50106,2011,1,1,list(c(2.83314668585644, 59.93326460663, -59.9328817977972, 2.83314668585644, -59.9330733389872, 2.82909766386179, -2.83719569492001, -59.9330733389872))
50107,2011,1,1,list(c(-38.9383709284557, 45.6358427509653, -45.6615403997344, -38.9383709284557, -45.6486940605971, -38.9534318951382, 38.9233057219376, -45.6486940605971))
50110,2011,1,1,list(c(30.5337323470613, 51.6514483844438, -51.6479452280886, 30.5337323470613, 51.6496968912502, -30.5307693939923, 30.5366951996505, 51.6496968912502))
50110,2011,1,2,list(c(53.4414207201255, 27.2942212007511, -27.2590361094082, 53.4414207201255, -27.2766301330378, 53.4324385466775, -53.4503971022291, -27.2766301330378))
50111,2011,1,1,list(c(-54.6988789553757, 24.64668684639, -24.6699478131542, -54.6988789553757, -24.6583178871788, -54.7041207542538, 54.6936346835374, -24.6583178871788))
50114,2011,1,1,list(c(42.4063477766546, 42.4567549583407, -42.4361555103277, 42.4063477766546, -42.4464564863242, 42.3960370601713, -42.416655991524, -42.4464564863242))
50117,2012,1,1,list(c(-39.6551208775876, 45.0183966742462, -45.0365039697797, -39.6551208775876, -45.0274514955478, -39.665400046895, 39.6448396412448, -45.0274514955478))
50117,2012,1,2,list(c(-7.50312184862267, 59.5275404568946, -59.5304794593692, -7.50312184862267, 59.5290110998387, 7.51478057915041, -7.49146283029021, 59.5290110998387))
50121,2011,1,1,list(c(38.2112664150221, 46.2689766054948, -46.2491075578693, 38.2112664150221, -46.2590436451101, 38.1992382630881, -38.2232919840853, -46.2590436451101))
50122,2012,1,2,list(c(-55.4574212809695, 22.8831440575855, -22.9196666857272, -55.4574212809695, 22.9014066132426, 55.4649593711182, -55.4498771776382, 22.9014066132426))
50123,2012,1,1,list(c(59.9697426153726, 1.91725598660547, -1.8932403067556, 59.9697426153726, 1.90524818487381, -59.9693599222288, 59.9701229041668, 1.90524818487381))
50124,2011,1,1,list(c(-21.237261559099, 56.1097805530524, -56.1217385826641, -21.237261559099, -56.1157617917677, -21.2530592218698, 21.2214622130311, -56.1157617917677))
50128,2011,1,1,list(c(-49.0867869744584, 34.5016430443799, -34.5052361179031, -49.0867869744584, -34.5034396042502, -49.0880497396077, 49.0855241435573, -34.5034396042502))
50132,2011,1,1,list(c(-30.5561356643597, 51.6329982026134, -51.6398934837822, -30.5561356643597, 51.6364461718779, 30.5619615962216, -30.5503093435014, 51.6364461718779))
50133,2011,1,1,list(c(-26.3649914472469, 53.8890535332703, -53.9049530140254, -26.3649914472469, 53.8970057237561, 26.3812416176404, -26.3487388797968, 53.8970057237561))
50134,2011,1,1,list(c(-59.7312748249452, 5.6586481414397, -5.68591991734065, -59.7312748249452, 5.67228417719591, 59.7325681786024, -59.7299783583887, 5.67228417719591))
50141,2011,1,1,list(c(-30.5780144936831, 51.6148887611755, -51.6320931552983, -30.5780144936831, 51.6234930009982, 30.5925359879085, -30.5634905794903, 51.6234930009982))
50142,2011,1,2,list(c(57.0540367385952, 18.5789545353982, -18.5606137400823, 57.0540367385952, -18.5697843776127, 57.0510512468579, -57.057020756358, -18.5697843776127))
50144,2011,1,1,list(c(-53.8893519068281, 26.3753451045306, -26.3859188819865, -53.8893519068281, 26.3806321202135, 53.8919397555601, -53.8867635394187, 26.3806321202135))
50145,2011,1,1,list(c(-52.0936747518342, 29.7527807607062, -29.7870867152319, -52.0936747518342, -29.7699353517959, -52.1034743275854, 52.0838695280915, -29.7699353517959))
50145,2011,1,2,list(c(59.9347040418395, 2.81234703982901, -2.78452744341736, 59.9347040418395, -2.79843731698833, 59.9340529592949, -59.9353518961627, -2.79843731698833))
60001,2011,1,1,list(c(-43.815368639439, 40.9770827169415, -41.0037276145349, -43.815368639439, 40.9904070605559, 43.827830108379, -43.8029031196909, 40.9904070605559))
60001,2011,1,2,list(c(22.0437961244378, 55.8088019357517, -55.7989199471184, 22.0437961244378, 55.8038623432485, -22.0312874452684, 22.0563036961107, 55.8038623432485))
60004,2012,1,1,list(c(-42.3610853445729, 42.4775052747482, -42.5057459648909, -42.3610853445729, 42.49162798046, 42.3752468504166, -42.3469191319529, 42.49162798046))
60008,2011,1,1,list(c(-53.517460435885, 27.1117594835297, -27.1425073630779, -53.517460435885, -27.1271345426213, -53.5252510289044, 53.5096654263999, -27.1271345426213))
60017,2012,1,1,list(c(-53.4380233303796, 27.2706788535169, -27.2958904401312, -53.4380233303796, -27.2832854059368, -53.444457849887, 53.4315858372213, -27.2832854059368))
60018,2011,1,1,list(c(59.9999999011735, 0.00470067117356702, -0.002186759120003, 59.9999999011735, -0.00344371514754068, 59.9999998158641, -59.9999999601507, -0.00344371514754068))
60019,2011,1,1,list(c(35.2812954642509, 48.5334624987112, -48.5279649803472, 35.2812954642509, -48.5307138868184, 35.2775143382608, -35.2850763760856, -48.5307138868184))
60019,2011,1,2,list(c(42.3962535912365, 42.4695892218142, -42.4434842256829, 42.3962535912365, 42.4565387358363, -42.3831805240046, 42.4093226400069, 42.4565387358363))
60026,2011,1,1,list(c(48.5836252176513, 35.2245608626306, -35.1922332562826, 48.5836252176513, 35.2083990080605, -48.5719086719354, 48.5953363856594, 35.2083990080605))
60033,2011,1,1,list(c(-25.4928622999342, 54.3084937381668, -54.3214060600728, -25.4928622999342, 54.3149516409303, 25.5066169432855, -25.4791060215363, 54.3149516409303))
60033,2011,1,2,list(c(-49.6748982902321, 33.6368214539108, -33.6656119273107, -49.6748982902321, 33.6512181035857, 49.6846479556586, -49.6651444532251, 33.6512181035857))
60038,2011,1,1,list(c(25.5770253137309, 54.2790036933796, -54.2717349797807, 25.5770253137309, 54.2753698845136, -25.5693128193561, 25.5847372916833, 54.2753698845136))
60038,2011,1,2,list(c(44.4046705388187, 40.3622260964743, -40.3403174879669, 44.4046705388187, -40.3512730200543, 44.394714826622, -44.4146235486695, -40.3512730200543))
60039,2012,1,1,list(c(16.7524619310226, 57.6144579760341, -57.6132299256212, 16.7524619310226, 57.6138439895277, -16.7503502091092, 16.7545736304303, 57.6138439895277))
60039,2012,1,2,list(c(42.3976023272493, 42.4625672784369, -42.4478151808697, 42.3976023272493, -42.4551918721424, 42.3902156178076, -42.4049877534557, -42.4551918721424))
60044,2011,1,1,list(c(-32.9736619783877, 50.119949793482, -50.1344764192886, -32.9736619783877, -50.1272143225118, -32.9847030106205, 32.9626193462199, -50.1272143225118))
60051,2012,1,1,list(c(27.2106945800571, 53.4814318366216, -53.468611487842, 27.2106945800571, -53.4750231460525, 27.1980964169333, -27.2232912331005, -53.4750231460525))
60058,2012,1,1,list(c(-55.4168652237547, 22.9892178385496, -23.0095226232794, -55.4168652237547, -22.9993706168714, -55.4210777878932, 55.4126507996937, -22.9993706168714))
60062,2011,1,1,list(c(-22.9950290905771, 55.414864326009, -55.422467889701, -22.9950290905771, 55.4186668652676, 23.0041911774794, -22.985866375124, 55.4186668652676))
60063,2011,1,1,list(c(39.6695365128391, 45.0180374304346, -45.0114657105691, 39.6695365128391, -45.0147517249237, 39.6658077683032, -39.6732649852046, -45.0147517249237))
60064,2011,1,1,list(c(17.5905850261031, 57.3673738763932, -57.3596265876616, 17.5905850261031, -57.3635016228912, 17.577952512341, -17.6032166868453, -57.3635016228912))
60065,2012,1,1,list(c(42.3691484124671, 42.493586938618, -42.4735870113761, 42.3691484124671, -42.4835881582799, 42.3591202586895, -42.3791742060539, -42.4835881582799))
60069,2011,1,1,list(c(-0.14457789351812, 59.999774284224, -59.9998706692066, -0.14457789351812, 59.9998258100197, 0.164577769359576, -0.124578001612546, 59.9998258100197))
60069,2011,1,2,list(c(42.4866314290088, 42.3791711605067, -42.3530182314943, 42.4866314290088, 42.3660967026178, -42.4735900501532, 42.4996687832119, 42.3660967026178))
60071,2011,1,1,list(c(-53.9023206092358, 26.3362358213903, -26.3720085607892, -53.9023206092358, 26.3541236420252, 53.9110627122126, -53.8935725710373, 26.3541236420252))
60072,2011,1,1,list(c(49.6136419783148, 33.7455840289391, -33.7373477924883, 49.6136419783148, -33.7414660269467, 49.6108411392692, -49.6164424755412, -33.7414660269467))
60074,2011,1,1,list(c(25.5882414054148, 54.2777953349889, -54.2623656018419, 25.5882414054148, -54.2700829350593, 25.571877787387, -25.6046026974067, -54.2700829350593))
60076,2011,1,2,list(c(59.9925104969341, 0.948615884030856, -0.947363309050778, 59.9925104969341, 0.947989596592474, -59.992500597196, 59.9925203901342, 0.947989596592474))
60079,2011,1,1,list(c(59.9999647622068, 0.0780326049749512, -0.0520217488708437, 59.9999647622068, -0.0650271784505065, 59.9999492575832, -59.9999774478095, -0.0650271784505065))
60089,2011,1,2,list(c(57.8625469335816, 15.8853594093622, -15.8589723215917, 57.8625469335816, 15.8721662780815, -57.8589263332408, 57.8661645255929, 15.8721662780815))
60090,2011,1,1,list(c(-41.0455503770212, 43.7546728670802, -43.7727560066491, -41.0455503770212, -43.7637154986573, -41.055189712079, 41.035909050274, -43.7637154986573))
60092,2011,1,1,list(c(-40.9999488343547, 43.7936616632824, -43.8192143135696, -40.9999488343547, 43.8064401153563, 41.0135977222427, -40.9862959651327, 43.8064401153563))
60092,2011,1,2,list(c(-42.4769462458757, 42.3621434344296, -42.3894666239887, -42.4769462458757, 42.3758072209248, 42.4905731149959, -42.463314982862, 42.3758072209248))
60096,2011,1,1,list(c(57.0525347277806, 18.5850784387338, -18.5637179910297, 57.0525347277806, -18.5743985403402, 57.0490566041728, -57.0560108520524, -18.5743985403402))
60099,2011,1,1,list(c(13.0465445244838, 58.5678252890252, -58.5609489344865, 13.0465445244838, -58.5643891453728, 13.0311105019571, -13.0619776409419, -58.5643891453728))
60101,2011,1,1,list(c(12.1109237741001, 58.7677673407946, -58.7622347040609, 12.1109237741001, 58.7650025554151, -12.0975006417951, 12.1243462745361, 58.7650025554151))
60102,2011,1,1,list(c(59.9999999961078, 0.000997796136514914, -0.000369047886130281, 59.9999999961078, -0.000683422011331979, 59.9999999917034, -59.999999998865, -0.000683422011331979))
60107,2012,1,1,list(c(-35.2744093980307, 48.5342437538385, -48.5371946304507, -35.2744093980307, -48.5357192346021, -35.2764394921453, 35.2723792422023, -48.5357192346021))
60112,2012,1,1,list(c(-42.3883323714604, 42.4524048150188, -42.4764862237063, -42.3883323714604, -42.4644472325568, -42.4003929866431, 42.3762683360308, -42.4644472325568))
60116,2012,1,1,list(c(0.0388510764597209, 59.9999957198544, -59.9999747558802, 0.0388510764597209, -59.9999874216142, 0.0226631299144593, -0.0550390201769513, -59.9999874216142))
60127,2012,1,1,list(c(42.3744850697454, 42.4913062146565, -42.4652201766519, 42.3744850697454, 42.4782652079146, -42.3614080994989, 42.3875580253035, 42.4782652079146))
60130,2012,1,1,list(c(0.0364276442870919, 59.9999960190795, -59.9999783261026, 0.0364276442870919, -59.9999889418884, 0.021856588183539, -0.0509986982422665, -59.9999889418884))
60139,2012,1,1,list(c(42.4360776247119, 42.4200390881671, -42.413428480107, 42.4360776247119, 42.4167339128018, -42.432773698621, 42.439381293356, 42.4167339128018))
70003,2012,1,1,list(c(-0.0131830556672481, 59.9999971613817, -59.9999994786211, -0.0131830556672481, 59.9999985517253, 0.0184562777559489, -0.00790983347671958, 59.9999985517253))
70005,2012,1,1,list(c(-59.9999988102648, 0.00637256840142003, -0.0175245627795782, -59.9999988102648, 0.0119485656420966, 59.9999996615864, -59.9999974407474, 0.0119485656420966))
70009,2012,1,1,list(c(-42.4136880860211, 42.4347568002232, -42.4434864395424, -42.4136880860211, 42.4391218446107, 42.4180552984918, -42.409320424364, 42.4391218446107))
70012,2012,1,1,list(c(0.0162471902408087, 59.9999992514706, -59.999995585204, 0.0162471902408087, -59.99999780024, 0.00947752778525148, -0.0230168524895376, -59.99999780024))
70015,2012,1,1,list(c(59.9999912663786, 0.0485600376451811, -0.0161866815711994, 59.9999912663786, 0.0323733607862596, -59.999980349353, 59.9999978165945, 0.0323733607862596))
70030,2012,1,1,list(c(0.0739480380513143, 59.9999743672707, -59.9999287980013, 0.0739480380513143, -59.9999544307133, 0.0554610390689849, -0.0924350300133142, -59.9999544307133))
70031,2012,1,1,list(c(42.4246323380542, 42.4286249332455, -42.427737722341, 42.4246323380542, -42.4281813301127, 42.4241886931734, -42.4250759782966, -42.4281813301127))
70033,2012,1,1,list(c(27.2454943290651, 53.4587227362739, -53.4558792782961, 27.2454943290651, 53.4573010800665, -27.2427047740527, 27.2482838098886, 53.4573010800665))
70038,2012,1,1,list(c(-59.9999995293992, 0.00438362872854726, -0.0106459554140315, -59.9999995293992, -0.00751479208152221, -59.999999839865, 59.9999990555303, -0.00751479208152221))
70046,2012,1,1,list(c(-42.4024136632509, 42.4403966474993, -42.4603740328822, -42.4024136632509, -42.4503865180348, -42.4124124803451, 42.3924124931306, -42.4503865180348))
70052,2012,1,1,list(c(-59.2613004357084, 9.38606790241289, -9.38606790241325, -59.2613004357084, 9.38606790241307, 59.2613004357084, -59.2613004357084, 9.38606790241307))
70053,2012,1,1,list(c(0.0163024921355244, 59.9999992888158, -59.9999954498977, 0.0163024921355244, 59.9999977852395, -0.00923807902456478, 0.0233669050204865, 59.9999977852395))
70059,2012,1,1,list(c(0.0740910570604481, 59.9999753989608, -59.9999266035409, 0.0740910570604481, -59.9999542542764, 0.0543334528910972, -0.0938486531957893, -59.9999542542764))
70060,2012,1,1,list(c(-35.2578783244501, 48.5440951117164, -48.551362887555, -35.2578783244501, 48.5477292574872, 35.2628817566664, -35.2528745177035, 48.5477292574872))
70061,2012,1,1,list(c(42.3941542761341, 42.4693722162799, -42.4478949922801, 42.3941542761341, -42.4586349664158, 42.3833979708455, -42.4049078612884, -42.4586349664158))
70077,2012,1,1,list(c(8.46065824375231, 59.4007476901223, -59.4002162554984, 8.46065824375231, 59.4004820021052, -8.45879269484908, 8.46252378431037, 59.4004820021052))
70083,2012,1,1,list(c(-0.0272562637763085, 59.9999869837041, -59.9999981272628, -0.0272562637763085, 59.9999938091337, 0.0395215806406012, -0.0149909457730217, 59.9999938091337))
70093,2012,1,1,list(c(-27.2024387702113, 53.4718819246384, -53.4865607856708, -27.2024387702113, 53.4792233016983, 27.2168668923801, -27.1880086678068, 53.4792233016983))
70098,2012,1,1,list(c(57.0448802215298, 18.6168472628478, -18.578937569449, 57.0448802215298, -18.5978934428423, 57.038697372852, -57.0510567718996, -18.5978934428423))
70100,2011,1,1,list(c(59.9999997902771, 0.00752497106318455, -0.00250832369649573, 59.9999997902771, -0.00501664738422392, 59.9999995281234, -59.9999999475693, -0.00501664738422392))
70110,2012,1,1,list(c(-59.2665494650489, 9.3412455134115, -9.36448741996581, -59.2665494650489, 9.35286664648422, 59.2683822308165, -59.2647144206509, 9.35286664648422))
70117,2012,1,1,list(c(0.0565612600076789, 59.9999869988247, -59.9999548293314, 0.0565612600076789, 59.999973340193, -0.0394986185330739, 0.0736238969081445, 59.999973340193))
70124,2012,1,2,list(c(59.9999366917222, 0.106190773624023, -0.0681306371768848, 59.9999366917222, -0.0871607097844471, 59.9999060292564, -59.9999613184565, -0.0871607097844471))
70129,2012,1,1,list(c(42.3838807912838, 42.4829713141843, -42.4548047323956, 42.3838807912838, -42.4688903677768, 42.3697669136637, -42.3979899893162, -42.4688903677768))
70139,2012,1,1,list(c(59.9999996259605, 0.00982609120201346, -0.00357312409424928, 59.9999996259605, -0.00669960765722692, 59.9999991953994, -59.9999998936065, -0.00669960765722692))
70139,2012,1,2,list(c(48.5273750056795, 35.2943337187776, -35.2774407335434, 48.5273750056795, -35.2858877606636, 48.5212325415128, -48.5335159996814, -35.2858877606636))
70140,2012,1,1,list(c(-0.0397312882133321, 59.999976846977, -59.9999940359076, -0.0397312882133321, -59.9999868452047, -0.0527101719212221, 0.0267524026463321, -59.9999868452047))
70144,2012,1,1,list(c(59.9999909953721, 0.0430620567029968, -0.0226815434273138, 59.9999909953721, 0.0328718005392459, -59.9999845471586, 59.9999957128964, 0.0328718005392459))
70146,2012,1,1,list(c(9.34434063960093, 59.2700967112097, -59.2656886464152, 9.34434063960093, -59.2678943274612, 9.33036097071555, -9.35831978862524, -59.2678943274612))
70157,2012,1,1,list(c(-0.0443100001751952, 59.9999656000129, -59.9999950506546, -0.0443100001751952, -59.9999836385301, -0.0642494923699113, 0.0243705030868866, -59.9999836385301))
70162,2012,1,1,list(c(18.5934328824633, 57.0524517915909, -57.0402105668587, 18.5934328824633, -57.0463342700066, 18.5746532825837, -18.6122104675512, -57.0463342700066))
70164,2012,1,1,list(c(0.0692860885078652, 59.9999764861239, -59.999939148419, 0.0692860885078652, 59.9999599953028, -0.0531193427866754, 0.0854528291988092, 59.9999599953028))
80054,2011,1,1,list(c(-42.3911672460837, 42.4501770876974, -42.4730543213193, -42.3911672460837, -42.4616172503422, -42.4026233294961, 42.3797080761331, -42.4616172503422))
80065,2011,1,1,list(c(42.4589275173698, 42.4079674290595, -42.3797504464633, 42.4589275173698, -42.3938612781938, 42.4448383026232, -42.4730120440674, -42.3938612781938))
80066,2011,1,1,list(c(42.4452825276145, 42.4149200696909, -42.4001242684306, 42.4452825276145, 42.4075228131871, -42.4378905635251, 42.4526732023043, 42.4075228131871))
80076,2011,1,1,list(c(-42.4539307426524, 42.3896805845428, -42.4080476958544, -42.4539307426524, 42.3988651321951, 42.4631013933324, -42.4447581054026, 42.3988651321951))
80083,2011,1,1,list(c(18.5654740165599, 57.0586743548825, -57.0522028769706, 18.5654740165599, -57.0554394824931, 18.5555296573143, -18.5754178118552, -57.0554394824931))
80086,2011,1,1,list(c(52.1338287294873, 29.707441411759, -29.6916791826409, 52.1338287294873, 29.6995606365564, -52.1293384263306, 52.1383178412493, 29.6995606365564))
80088,2011,1,1,list(c(-0.0521480844251435, 59.9999576726859, -59.9999909100746, -0.0521480844251435, -59.9999773381398, -0.0712690388443736, 0.0330271247098223, -59.9999773381398))
80094,2011,1,1,list(c(59.9999693258387, 0.0748268276761568, -0.0465139850580112, 59.9999693258387, -0.0606704080557814, 59.9999533411974, -59.9999819704072, -0.0606704080557814))
80102,2011,1,1,list(c(53.4603914513026, 27.2394299843718, -27.2394299843716, 53.4603914513026, -27.2394299843717, 53.4603914513026, -53.4603914513027, -27.2394299843717))
80103,2011,1,1,list(c(-33.6997833130436, 49.6365468427266, -49.6473801744472, -33.6997833130436, 49.6419641498391, 33.7077619774706, -33.6918037779799, 49.6419641498391))
80110,2012,1,1,list(c(0.0221375322286171, 59.9999975470958, -59.9999938715683, 0.0221375322286171, -59.9999959160804, 0.0171565877399262, -0.0271184765647447, -59.9999959160804))
80111,2012,1,1,list(c(59.999992270959, 0.040098602602243, -0.0208106688711402, 59.999992270959, 0.0304546361300899, -59.9999866008491, 59.9999963909671, 0.0304546361300899))
80115,2011,1,1,list(c(0.039158739767848, 59.9999951406609, -59.9999755471283, 0.039158739767848, -59.9999872216078, 0.0241478914949335, -0.0541695855897993, -59.9999872216078))
80116,2012,1,1,list(c(-42.4799233717262, 42.3607570561998, -42.3848850860312, -42.4799233717262, -42.3728227798464, -42.4919552577382, 42.4678880596143, -42.3728227798464))
80127,2012,1,1,list(c(42.4569217720964, 42.4073239029689, -42.384413024355, 42.4569217720964, 42.3958700068543, -42.445481259949, 42.4683591934147, 42.3958700068543))
80159,2012,1,1,list(c(59.9999700000225, 0.0799999466667141, -0.0399999866666741, 59.9999700000225, -0.0599999700000225, 59.9999466667141, -59.9999866666741, -0.0599999700000225))
80160,2012,1,1,list(c(59.9999455644065, 0.0969869211577778, -0.0646579709031482, 59.9999455644065, 0.0808224489635404, -59.9999216127582, 59.9999651612132, 0.0808224489635404))
80173,2011,1,1,list(c(-60, 0, 0, -60, 0, 59.5020832971656, -60.5020832971656, 0))
80177,2012,1,1,list(c(-0.0352924547382291, 59.9999850533108, -59.9999933570266, -0.0352924547382291, -59.9999896203544, -0.0423509442205823, 0.0282339647674451, -59.9999896203544))
80179,2011,1,1,list(c(59.9999980879978, 0.0213324270975499, -0.00896214416179155, 59.9999980879978, 0.0151472857101532, -59.9999962077295, 59.9999993306664, 0.0151472857101532))
80182,2012,1,1,list(c(0.0529874760453883, 59.9999898595538, -59.9999578832824, 0.0529874760453883, -59.9999766027236, 0.034883426377556, -0.0710915208890526, -59.9999766027236))
80184,2012,1,1,list(c(59.999979470828, 0.0686598874459486, -0.0306074277336742, 59.999979470828, 0.0496336600852655, -59.9999607151526, 59.9999921932109, 0.0496336600852655))
80184,2012,1,2,list(c(-42.3576210952932, 42.4813553402712, -42.5088028095352, -42.3576210952932, 42.4950813053413, 42.3713871433732, -42.3438506007667, 42.4950813053413))
80193,2011,1,1,list(c(-57.0561867938627, 18.554536106242, -18.5718179102991, -57.0561867938627, -18.5631772211506, -57.0589974489752, 57.0533748301246, -18.5631772211506))
80198,2012,1,1,list(c(0.0746109644709816, 59.9999715345846, -59.9999313299467, 0.0746109644709816, 59.9999536100152, -0.0584452652929834, 0.0907766582328424, 59.9999536100152))
80211,2012,1,1,list(c(42.459943297613, 42.3992788681193, -42.3864079871368, 42.459943297613, 42.3928439145511, -42.4535175393447, 42.4663680804938, 42.3928439145511))
80224,2011,1,1,list(c(-42.4485499384296, 42.3968647961805, -42.4116384018742, -42.4485499384296, 42.4042522410742, 42.4559283899716, -42.4411702014526, 42.4042522410742))
80246,2011,1,1,list(c(42.4067003772788, 42.4515193810591, -42.4406883586249, 42.4067003772788, -42.4461042159549, 42.4012794882367, -42.4121205747376, -42.4461042159549))
80249,2012,1,1,list(c(0.0749999414063187, 59.9999747916902, -59.9999247917684, 0.0749999414063187, 59.9999531250549, -0.0549999684896128, 0.0949999059897105, 59.9999531250549))
80254,2011,1,1,list(c(-35.2951016763369, 48.5133115700314, -48.5280341594916, -35.2951016763369, 48.5206739200625, 35.3052205843422, -35.2849812330291, 48.5206739200625))
80254,2011,1,2,list(c(48.5630845432729, 35.246654258561, -35.2267951457206, 48.5630845432729, 35.2367254387086, -48.5558787746393, 48.5702882816382, 35.2367254387086))
80255,2011,1,1,list(c(-59.9999894504488, 0.0246095949140849, -0.04655067448898, -59.9999894504488, 0.0355801352962781, 59.9999949530651, -59.9999819419532, 0.0355801352962781))
80265,2012,1,1,list(c(42.4006869575111, 42.458534848803, -42.4456865812647, 42.4006869575111, -42.4521112022847, 42.394254545787, -42.4071183959138, -42.4521112022847))
80267,2012,1,1,list(c(-59.9999173789528, 0.0796573634635057, -0.119485979381527, -59.9999173789528, 0.0995716769069901, 59.9999471225138, -59.9998810257215, 0.0995716769069901))
80272,2012,1,1,list(c(42.4997479767108, 42.3664174077375, -42.3394558582442, 42.4997479767108, 42.3529387636332, -42.4863116313167, 42.5131800460492, 42.3529387636332))
80273,2012,1,1,list(c(59.9999517993327, 0.0950663866213594, -0.0570398548841372, 59.9999517993327, 0.0760531245713004, -59.9999246864705, 59.9999728871185, 0.0760531245713004))
80276,2012,1,1,list(c(-0.0606704080557814, 59.9999533411974, -59.9999819704072, -0.0606704080557814, 59.9999693258387, 0.0748268276761568, -0.0465139850580112, 59.9999693258387))
80278,2012,1,1,list(c(-59.9999166668403, 0.0799999111112691, -0.119999800000467, -59.9999166668403, -0.0999998611114005, -59.9999466667615, 59.99988000028, -0.0999998611114005))
80279,2011,1,1,list(c(59.9999547453945, 0.0915012182110534, -0.0558833147159779, 59.9999547453945, 0.0736922697096525, -59.9999302293516, 59.9999739754538, 0.0736922697096525))
80282,2012,1,1,list(c(-42.420091434578, 42.4305114009594, -42.4349312195898, -42.420091434578, -42.4327213678553, -42.4223019442964, 42.4178808097326, -42.4327213678553))
80283,2011,1,1,list(c(59.9999805990086, 0.0624040791152614, -0.0340970806239287, 59.9999805990086, 0.0482505812120447, -59.9999675477488, 59.999990311575, 0.0482505812120447))
80293,2011,1,1,list(c(0.130289104227137, 59.9998981950973, -59.9998123757744, 0.130289104227137, 59.9998585394109, -0.110528629608945, 0.150049564713378, 59.9998585394109))
80297,2011,1,1,list(c(35.3240271332369, 48.511356434755, -48.4878775270573, 35.3240271332369, 48.4996196592339, -35.3079070019756, 35.3401433630523, 48.4996196592339))
80307,2011,1,1,list(c(-42.4032480051253, 42.4437291581328, -42.4553762465313, -42.4032480051253, 42.4495531026634, 42.4090775088432, -42.3974177016179, 42.4495531026634))
80001,2011,1,1,list(c(5.61400359836409, 59.738082067261, -59.7354760342715, 5.61400359836409, 59.7367806598042, -5.60013847375096, 5.62786842054564, 59.7367806598042))
80003,2011,1,1,list(c(45.6784204880291, 38.9147410314664, -38.8922460572552, 45.6784204880291, -38.9034947237237, 45.6688398194426, -45.6879983871248, -38.9034947237237))
80004,2012,1,1,list(c(59.3925124020998, 8.53360965189192, -8.49923679174833, 59.3925124020998, 8.51642357838226, -59.3900455152977, 59.394974315659, 8.51642357838226))
80014,2012,1,1,list(c(19.4896680544963, 56.7525682061669, -56.74020716381, 19.4896680544963, 56.7463905383025, -19.4716717824733, 19.5076623665659, 56.7463905383025))
80025,2012,1,1,list(c(51.6613674670389, 30.5241112579093, -30.5038520257573, 51.6613674670389, -30.5139822284077, 51.6553833778704, -51.6673495700206, -30.5139822284077))
80026,2012,1,1,list(c(-59.9999749982643, 0.0380680400569057, -0.0714802584844513, -59.9999749982643, 0.0547741513938944, 59.9999879235348, -59.9999574214236, 0.0547741513938944))
80032,2011,1,1,list(c(-55.4108293958526, 22.9978724411806, -23.0299426844319, -55.4108293958526, -23.013908526448, -55.4174869800064, 55.404167171358, -23.013908526448))
80041,2012,1,1,list(c(-59.255601783126, 9.41383818401984, -9.43011635262085, -59.255601783126, 9.4219773572004, 59.2568953847996, -59.2543070635041, 9.4219773572004))
80049,2012,1,1,list(c(-59.7380804757425, 5.59226129790934, -5.60804950600366, -59.7380804757425, -5.60015545085249, -59.7388199881443, 59.7373399201723, -5.60015545085249))
80058,2011,1,2,list(c(-10.2850957230011, 59.1100642634996, -59.1137352809455, -10.2850957230011, -59.111900713551, -10.2956448445422, 10.2745462738896, -59.111900713551))
80061,2011,1,1,list(c(8.40395028305201, 59.410916421552, -59.4061418628853, 8.40395028305201, 59.4085315391652, -8.38707398032037, 8.42082590763795, 59.4085315391652))
80063,2011,1,1,list(c(59.9999371306009, 0.106734063357591, -0.0669820626593468, 59.9999371306009, -0.0868580677742773, 59.9999050652559, -59.9999626116824, -0.0868580677742773))
80091,2011,1,1,list(c(-54.6877266239472, 24.6807545476461, -24.6853291794892, -54.6877266239472, 24.6830418851571, 54.6887589451328, -54.6866942070945, 24.6830418851571))
80112,2012,1,1,list(c(-39.6685485557556, 45.0113361505173, -45.0199080222595, -39.6685485557556, -45.0156223491319, -39.6734119776096, 39.6636846708333, -45.0156223491319))
80114,2012,1,1,list(c(58.0976312690615, 15.0025146346237, -14.9751589556826, 58.0976312690615, -14.9888372105432, 58.0941008591914, -58.1011584587781, -14.9888372105432))
80117,2012,1,1,list(c(-4.57828878134118, 59.8238335123669, -59.8263066586991, -4.57828878134118, -59.8250722676926, -4.59444707060717, 4.56213015808288, -59.8250722676926))
80119,2012,1,1,list(c(22.9681932204587, 55.4309909531311, -55.4285975694152, 22.9681932204587, -55.4297943365089, 22.9653051787668, -22.9710811998003, -55.4297943365089))
80120,2012,1,1,list(c(-55.4410295427224, 22.9331974417613, -22.9489225030721, -55.4410295427224, -22.9410602031157, -55.4442824382929, 55.4377755321044, -22.9410602031157))
80122,2012,1,1,list(c(-51.156358660855, 31.352458737729, -31.3540630385669, -51.156358660855, -31.3532608920024, -51.1568502851671, 51.1558670239649, -31.3532608920024))
80137,2012,1,1,list(c(-57.3596825801113, 17.5908362447934, -17.6152314309103, -57.3596825801113, 17.6030342358603, 57.3634245857834, -57.355937980609, 17.6030342358603))
80141,2012,1,1,list(c(-29.0269476102208, 52.50189119063, -52.5206972953179, -29.0269476102208, -52.5112969982031, -29.0439567106006, 29.0099354637957, -52.5112969982031))
80149,2012,1,1,list(c(-54.2262046297347, 25.6631044439475, -25.6990862748182, -54.2262046297347, -25.6810967728043, -54.2347219989099, 54.2176812916179, -25.6810967728043))
80150,2012,1,1,list(c(15.8646912580663, 57.86802770432, -57.8611633336126, 15.8646912580663, -57.8645968730988, 15.8521723940932, -15.8772093795164, -57.8645968730988))
80154,2012,1,1,list(c(57.3648642667215, 17.6040204952722, -17.5682593633263, 57.3648642667215, 17.5861407836007, -57.3593798990369, 57.3703430610529, 17.5861407836007))
80157,2012,1,1,list(c(51.6492291517697, 30.5361410936335, -30.5329059633985, 51.6492291517697, -30.5345235434906, 51.6482728376246, -51.6501854152554, -30.5345235434906))
80164,2012,1,1,list(c(50.6892466047201, 32.1148993825544, -32.0910262472722, 50.6892466047201, -32.1029637050207, 50.68168542628, -50.696804972275, -32.1029637050207))
80164,2012,1,2,list(c(54.6661502174965, 24.7483623571912, -24.7132169624497, 54.6661502174965, -24.7307909375764, 54.6581975611817, -54.6740972249829, -24.7307909375764))
80214,2012,1,1,list(c(49.109717191124, 34.482894575903, -34.4586924456148, 49.109717191124, -34.4707945572455, 49.1012217940364, -49.1182096064029, -34.4707945572455))
80221,2011,1,1,list(c(-4.66087326073298, 59.8171472492175, -59.820235998349, -4.66087326073298, -59.8186949075904, -4.68069385512735, 4.64105215461201, -59.8186949075904))
80227,2012,1,1,list(c(-59.970058581773, 1.89152744059192, -1.89902591461697, -59.970058581773, 1.89527668130835, 59.9701769543953, -59.9699399747541, 1.89527668130835))
80227,2012,1,2,list(c(59.9354381200718, 2.80256193012741, -2.76277956961241, 59.9354381200718, -2.78267090311466, 59.9345113155, -59.9363583232226, -2.78267090311466))
80228,2012,1,2,list(c(59.1023836535562, 10.3468892686703, -10.3323993904103, 59.1023836535562, 10.3396444072249, -59.1011157463366, 59.1036506726704, 10.3396444072249))
80231,2012,1,1,list(c(56.7739360961501, 19.4168043678138, -19.4017568386156, 56.7739360961501, 19.409280773647, -56.7713634514977, 56.7765077437423, 19.409280773647))
80233,2012,1,1,list(c(42.4834344377339, 42.3793013377129, -42.35930141008, 42.4834344377339, -42.3693025476555, 42.4734601619332, -42.4934063596929, -42.3693025476555))
80238,2012,1,1,list(c(-39.6601856337677, 45.0185069787222, -45.027473488866, -39.6601856337677, -45.0229905214556, -39.6652748560594, 39.6550959046812, -45.0229905214556))
80238,2012,1,2,list(c(-31.3351648758496, 51.1642200338313, -51.1706697051826, -31.3351648758496, 51.167445140473, 31.3404305702665, -31.3298988495512, 51.167445140473))
80260,2011,1,1,list(c(-57.0756366917951, 18.4896345165859, -18.5169420142551, -57.0756366917951, -18.503288794866, -57.0800614526918, 57.071208664621, -18.503288794866))
80263,2012,1,1,list(c(-33.0636674339836, 50.0580051277613, -50.0777761240861, -33.0636674339836, -50.0678928637399, -33.0786354408555, 33.0486964715086, -50.0678928637399))
80264,2011,1,1,list(c(59.9687261411745, 1.95112535791063, -1.92283117050649, 59.9687261411745, 1.93697831810742, -59.9682675240641, 59.9691814208742, 1.93697831810742))
80284,2012,1,1,list(c(-6.53148369373674, 59.6413258555176, -59.6455443318823, -6.53148369373674, -59.6434382036989, -6.55074424748553, 6.5122224588432, -59.6434382036989))
80292,2012,1,1,list(c(-28.0479581275755, 53.0364145871931, -53.0449123335022, -28.0479581275755, -53.0406640689365, -28.055992724111, 28.0399228873951, -53.0406640689365))
80303,2012,1,1,list(c(59.8081890615512, 4.81369491817433, -4.77390512248021, 59.8081890615512, -4.79380028555082, 59.8065911186613, -59.8097803865017, -4.79380028555082))
80304,2012,1,1,list(c(-11.2547783858473, 58.9345528807952, -58.9353747318962, -11.2547783858473, 58.9349638456279, 11.2569301650473, -11.252626591644, 58.9349638456279))
100018,2011,1,1,list(c(20.2899725668779, 56.4701154747157, -56.4602493483878, 20.2899725668779, -56.4651840804167, 20.2762436923675, -20.3037002420219, -56.4651840804167))
100021,2011,1,1,list(c(36.0096630684081, 47.9980348418497, -47.9874664820741, 36.0096630684081, -47.9927511786908, 36.0026200618869, -36.0167052995109, -47.9927511786908))
100022,2011,1,1,list(c(-59.399361679416, 8.4615257834558, -8.47551422754949, -59.399361679416, 8.46852006421004, 59.4003584283455, -59.3983641069231, 8.46852006421004))
100029,2011,1,1,list(c(-22.9228492801934, 55.4427461552513, -55.4543734307353, -22.9228492801934, 55.4485615762712, 22.9369112734119, -22.9087858125341, 55.4485615762712))
100039,2011,1,1,list(c(-47.4518447818935, 36.7037593464169, -36.7352569399138, -47.4518447818935, -36.7195101655113, -47.4640290097703, 47.4396553271471, -36.7195101655113))
100045,2011,1,1,list(c(-23.7982216590728, 55.0716990659359, -55.0853596452103, -23.7982216590728, 55.0785316240878, 23.8140286804016, -23.7824126773934, 55.0785316240878))
100050,2011,1,1,list(c(-58.3438628288975, 13.9961319984778, -14.0034158149507, -58.3438628288975, -13.9997739339889, -58.3447366013523, 58.3429888291094, -13.9997739339889))
100068,2011,1,1,list(c(52.0946765349037, 29.7840017534715, -29.7523600767448, 52.0946765349037, 29.7681822878682, -52.0856337155382, 52.1037145495762, 29.7681822878682))
100071,2011,1,1,list(c(22.1507816214026, 55.7685987923281, -55.7543594240678, 22.1507816214026, 55.7614819885639, -22.132857672256, 22.1687032821467, 55.7614819885639))
100071,2011,1,2,list(c(-55.4392059695053, 22.9392116276129, -22.9517214537183, -55.4392059695053, -22.9454666867068, -55.4417944325722, 55.4366168007295, -22.9454666867068))
100072,2011,1,1,list(c(-55.4413982108476, 22.9275128228678, -22.9528244472027, -55.4413982108476, 22.9401692327285, 55.4466334032756, -55.4361601294308, 22.9401692327285))
100082,2011,1,1,list(c(46.2125713994433, 38.2750947207077, -38.2598176955868, 46.2125713994433, -38.2674567309007, 46.2062455098968, -46.2188960264139, -38.2674567309007))
100082,2011,1,2,list(c(9.36284706457519, 59.2662136721371, -59.2637324710987, 9.36284706457519, 59.2649735918728, -9.35499422600521, 9.37069973876252, 59.2649735918728))
120008,2011,1,1,list(c(42.4161957369677, 42.4396963846375, -42.4335344882794, 42.4161957369677, 42.4366155484064, -42.4131131936785, 42.4192780564686, 42.4366155484064))
120015,2011,1,1,list(c(59.8846278133293, 3.73105065324594, -3.70705424082766, 59.8846278133293, -3.71905252168241, 59.8838814792671, -59.8853717434864, -3.71905252168241))
120020,2011,1,1,list(c(-42.3846599649805, 42.4555288464453, -42.4806928901424, -42.3846599649805, -42.4681127394776, -42.3972648925453, 42.3720513024022, -42.4681127394776))
120039,2011,1,1,list(c(56.4328782359926, 20.3929406763725, -20.3663640759419, 56.4328782359926, -20.3796529411479, 56.4280778564178, -56.4376754865594, -20.3796529411479))
120040,2012,1,1,list(c(-41.0534390420852, 43.7524916008444, -43.7601389437528, -41.0534390420852, 43.7563154620884, 41.0575142783637, -41.0493634496742, 43.7563154620884))
120047,2012,1,1,list(c(-37.521822273688, 46.818046291816, -46.8219632615701, -37.521822273688, -46.8200048404715, -37.5242660343593, 37.5193784107917, -46.8200048404715))
120058,2012,1,1,list(c(-13.051721516989, 58.5603591613306, -58.5661092226393, -13.051721516989, 58.5632356128225, 13.0646214983813, -13.0388209022856, 58.5632356128225))
120073,2011,1,1,list(c(59.9345439959709, 2.80980472054335, -2.79392113184663, 59.9345439959709, -2.80186295079299, 59.9341722011109, -59.9349147384813, -2.80186295079299))
120074,2011,1,1,list(c(56.4373852195997, 20.3795981062488, -20.3547377519432, 56.4373852195997, -20.3671684230899, 56.4328980385358, -56.4418696629516, -20.3671684230899))
120075,2011,1,1,list(c(-6.63997037469506, 59.629451813386, -59.6334589286193, -6.63997037469506, -59.6314580856713, -6.65796338493104, 6.62197675990167, -59.6314580856713))
120081,2011,1,1,list(c(46.2216529998782, 38.2596148586192, -38.253358871491, 46.2216529998782, -38.2564869526575, 46.2190639332962, -46.224241854777, -38.2564869526575))
120093,2011,1,1,list(c(40.3485418837372, 44.4182798395923, -44.3960212120572, 40.3485418837372, -44.407152215114, 40.3362915510545, -40.360789146628, -44.407152215114))
120100,2011,1,1,list(c(-11.2557723690062, 58.9340700545538, -58.9354777480162, -11.2557723690062, -58.9347740165101, -11.2594576603383, 11.2520870336611, -58.9347740165101))
120103,2011,1,1,list(c(-37.4871621490684, 46.8396497500718, -46.8558692739597, -37.4871621490684, -46.8477606082666, -37.4972960530569, 37.4770264906595, -46.8477606082666))
120108,2012,1,1,list(c(-28.8640057661992, 52.5945555581749, -52.6075172662679, -28.8640057661992, 52.6010377381361, 28.8758155839459, -28.8521944933021, 52.6010377381361))
120117,2011,1,1,list(c(-55.4098305993695, 22.9981657228588, -23.0344581924969, -55.4098305993695, 23.0163131919337, 55.417365269236, -55.4022899867696, 23.0163131919337))
120118,2011,1,1,list(c(-59.8098486483897, 4.75620490747665, -4.78989436911719, -59.8098486483897, 4.77304982759609, 59.8111905489106, -59.8085020037511, 4.77304982759609))
120119,2011,1,1,list(c(-20.2645076583825, 56.4678078250584, -56.4808424453213, -20.2645076583825, 56.4743280558818, 20.2826694355617, -20.2463437851577, 56.4743280558818))
120153,2012,1,1,list(c(-21.1563320351324, 56.1398960464581, -56.1527452816641, -21.1563320351324, -56.1463232529008, -21.1733812106823, 21.1392809085963, -56.1463232529008))
120164,2011,1,1,list(c(-15.7555618657631, 57.8898384033304, -57.898969153737, -15.7555618657631, -57.8944062090122, -15.7723368476675, 15.738785560983, -57.8944062090122))
130013,2012,1,1,list(c(8.46849309882366, 59.4001108236181, -59.3986197637068, 8.46849309882366, -59.3993655238436, 8.46326379961606, -8.47372233239798, -59.3993655238436))
130017,2012,1,1,list(c(57.614720033761, 16.7530506861128, -16.745846867978, 57.614720033761, 16.7494488097771, -57.6136727930839, 57.6157670492569, 16.7494488097771))
130059,2012,1,1,list(c(47.951643590494, 36.074755087813, -36.0540135453094, 47.951643590494, 36.0643851600196, -47.9438426219083, 47.9594423161346, 36.0643851600196))
130064,2012,1,1,list(c(-26.3601965733859, 53.8935344828484, -53.9051648642085, -26.3601965733859, 53.8993509850764, 26.3720863972882, -26.3483054666235, 53.8993509850764))
140014,2012,1,1,list(c(-58.9281489649763, 11.2747067788853, -11.306103703904, -58.9281489649763, -11.290405642029, -58.9311546386982, 58.925139109183, -11.290405642029))
140022,2011,1,1,list(c(16.7214058363503, 57.6252361882136, -57.6204929311264, 16.7214058363503, 57.6228651392489, -16.7132329084652, 16.7295784278629, 57.6228651392489))
140023,2011,1,1,list(c(-57.6130321053073, 16.7478996694033, -16.7626077608731, -57.6130321053073, -16.7552538516381, -57.6151703691276, 57.6108929027759, -16.7552538516381))
140024,2011,1,1,list(c(9.43616758018601, 59.2556701278931, -59.251013694766, 9.43616758018601, -59.2533437149217, 9.42154752120477, -9.45078706471875, -59.2533437149217))
140026,2011,1,1,list(c(42.3913369536046, 42.4732500939432, -42.449642261234, 42.3913369536046, -42.4614478237137, 42.3795118713907, -42.4031587490043, -42.4614478237137))
140027,2011,1,1,list(c(30.5609286960187, 51.6383789462839, -51.6288389360294, 30.5609286960187, -51.6336095700936, 30.5528692564215, -30.568987391105, -51.6336095700936))
140027,2011,1,2,list(c(-35.2952324105296, 48.5142797606091, -48.5268763355672, -35.2952324105296, -48.5205788206066, -35.3038901441378, 35.2865735530182, -48.5205788206066))
140029,2011,1,1,list(c(38.2193762708773, 46.2606107701022, -46.2440740267365, 38.2193762708773, 46.2523434807913, -38.2093691543986, 38.2293815985783, 46.2523434807913))
140033,2011,1,1,list(c(1.83428947029374, 59.9725361705105, -59.9713676721346, 1.83428947029374, 59.9719549634591, -1.81518739440571, 1.85339136008948, 59.9719549634591))
140037,2011,1,1,list(c(-53.4427616991343, 27.257236345547, -27.2907663224497, -53.4427616991343, -27.2740026759832, -53.4513149211784, 53.4342032179151, -27.2740026759832))
140039,2011,1,1,list(c(-40.3950280719107, 44.3599090278679, -44.3698306851496, -40.3950280719107, -44.3648701910594, -40.4004761239182, 40.3895794106742, -44.3648701910594))
140042,2011,1,1,list(c(57.0749994362656, 18.5214688706182, -18.4890383785299, 57.0749994362656, 18.5052543714016, -57.0697397126947, 57.0802545530173, 18.5052543714016))
140043,2011,1,1,list(c(-17.6809783858755, 57.3306748792839, -57.3407293600237, -17.6809783858755, 57.3357044372719, 17.697279957266, -17.6646753850875, 57.3357044372719))
140046,2011,1,1,list(c(-57.0523684081484, 18.5595299166885, -18.5902875230297, -57.0523684081484, -18.5749093946892, -57.057373312058, 57.0473593587914, -18.5749093946892))
140053,2012,1,1,list(c(53.0232967918042, 28.0832682590809, -28.0782842688369, 53.0232967918042, -28.0807762949717, 53.0219769896267, -53.0246164768627, -28.0807762949717))
140054,2011,1,1,list(c(-59.7296694255983, 5.66925408833883, -5.7090738577976, -59.7296694255983, 5.68916428913275, 59.7315624948976, -59.7277697196724, 5.68916428913275))
140067,2012,1,1,list(c(-57.3433334296771, 17.6517534787991, -17.6606867813376, -57.3433334296771, -17.6562201836314, -57.34470855383, 57.3419579576028, -17.6562201836314))
140068,2012,1,1,list(c(19.4014725432203, 56.7811066867035, -56.7721000400166, 19.4014725432203, -56.7766048928136, 19.3882934636649, -19.4146505774981, -56.7766048928136))
140234,2011,1,1,list(c(25.5662947017245, 54.2839290015607, -54.2769206611811, 25.5662947017245, 54.2804253412275, -25.5588546721781, 25.573734250982, 54.2804253412275))
140316,2012,1,1,list(c(2.8668432022567, 59.9323326152408, -59.9306038334248, 2.8668432022567, 59.9314709485231, -2.84877294569877, 2.88491319818941, 59.9314709485231))
150011,2012,1,1,list(c(42.4750956673385, 42.3916413391907, -42.3636783396098, 42.4750956673385, 42.3776621352623, -42.4611439385401, 42.4890427938555, 42.3776621352623))
150011,2012,1,2,list(c(0.0380889396056312, 59.999996002833, -59.9999754502959, 0.0380889396056312, 59.9999879102711, -0.0219011421487549, 0.0542767342900046, 59.9999879102711))
150016,2012,1,1,list(c(59.88342380617, 3.74881048065761, -3.72796765631203, 59.88342380617, 3.73838912509499, -59.8827723137474, 59.8840734849717, 3.73838912509499))
150017,2012,1,1,list(c(58.3235659203775, 14.101561806402, -14.0666217015148, 58.3235659203775, 14.0840923857868, -58.3193446004002, 58.3277820074317, 14.0840923857868))
150022,2011,1,1,list(c(42.4578655401047, 42.4069957205444, -42.3828505692822, 42.4578655401047, -42.3949248587421, 42.4458091448111, -42.4699185026519, -42.3949248587421))
150032,2011,1,1,list(c(-42.3844755674359, 42.4543380776396, -42.4822508654377, -42.3844755674359, 42.4682967738692, 42.3984572642624, -42.3704892750369, 42.4682967738692))
150050,2011,1,1,list(c(-0.0531651957777211, 59.9999554673009, -59.9999907990264, -0.0531651957777211, -59.9999764455117, -0.0731021334325945, 0.033228252252791, -59.9999764455117))
150501,2012,1,1,list(c(34.5180900855398, 49.0805564318056, -49.0724144523383, 34.5180900855398, 49.0764857833827, -34.5123018696863, 34.5238778212695, 49.0764857833827))
150502,2012,1,1,list(c(26.444546079678, 53.8617623859761, -53.8542703005829, 26.444546079678, 53.8580168836524, -26.4369164744426, 26.452175154262, 53.8580168836524))
150505,2012,1,1,list(c(51.6462312792603, 30.5404058005512, -30.5387819615222, 51.6462312792603, -30.5395938848105, 51.6457511663608, -51.6467113793957, -30.5395938848105))
150507,2012,1,2,list(c(53.4468302156872, 27.2717912852012, -27.26026648832, 53.4468302156872, -27.2660290452333, 53.4438902036184, -53.4497696064799, -27.2660290452333))
150508,2012,1,1,list(c(40.3905967418111, 44.370804530389, -44.3670045587315, 40.3905967418111, -44.3689045936498, 40.3885095704955, -40.3926838237508, -44.3689045936498))
160003,2012,1,1,list(c(-45.6616416835943, 38.9104719556208, -38.9358988348688, -45.6616416835943, 38.9231869039399, 45.6724771847427, -45.6508026426794, 38.9231869039399))
160017,2011,1,1,list(c(-21.2653730207824, 56.0982176064061, -56.1120061601121, -21.2653730207824, 56.1051148317779, 21.283561294678, -21.2471825117483, 56.1051148317779))
160027,2011,1,1,list(c(10.3269433704522, 59.1053543504512, -59.10385378807, 10.3269433704522, -59.1046042252503, 10.322649229127, -10.3312374572675, -59.1046042252503))
160032,2012,1,1,list(c(59.8851584590799, 3.73039660567982, -3.69059923336523, 59.8851584590799, 3.71049812436152, -59.8839222259559, 59.8863880802531, 3.71049812436152))
160036,2011,1,1,list(c(-59.1120584358323, 10.2747058023741, -10.2936723307358, -59.1120584358323, 10.2841891988987, 59.1137075531104, -59.1104077971675, 10.2841891988987))
160036,2011,1,2,list(c(-43.1041627420671, 41.730522422253, -41.7447698916876, -43.1041627420671, 41.7376467269705, 43.1110600468817, -43.0972642599278, 41.7376467269705))
160037,2011,1,1,list(c(-59.9348449637739, 2.78043834163624, -2.81039654424183, -59.9348449637739, 2.79541753024209, 59.935541731333, -59.9341444525916, 2.79541753024209))
160041,2011,1,1,list(c(40.3965086239393, 44.3674766933515, -44.3595670336338, 40.3965086239393, -44.363522076093, 40.3921652287286, -40.4008516319712, -44.363522076093))
160042,2011,1,1,list(c(-24.6571091053512, 54.695124269538, -54.703721786976, -24.6571091053512, 54.6994238595509, 24.6666451131845, -24.6475723480656, 54.6994238595509))
160043,2011,1,1,list(c(41.123748407266, 43.7035659465053, -43.6769150893337, 41.123748407266, 43.6902428115923, -41.1095891922975, 41.1379033043632, 43.6902428115923))
160044,2011,1,1,list(c(18.5593154821987, 57.060249226751, -57.0546355932623, 18.5593154821987, 57.0574430625157, -18.5506861916496, 18.567944348259, 57.0574430625157))
160045,2011,1,1,list(c(52.5730227345078, 28.9196219057382, -28.9103797922514, 52.5730227345078, 28.9150009606939, -52.5704809644077, 52.5755640984268, 28.9150009606939))
160046,2011,1,1,list(c(51.6438857699722, 30.5438301204432, -30.5432900458426, 51.6438857699722, -30.5435600835605, 51.643726062064, -51.6440454764684, -30.5435600835605))
160065,2011,1,1,list(c(49.6089185338037, 33.7583446545792, -33.7384747142485, 49.6089185338037, -33.7484103611773, 49.602158886309, -49.6156761916636, -33.7484103611773))
160068,2011,1,2,list(c(15.8758727059443, 57.8659980862401, -57.8570575315626, 15.8758727059443, 57.8615301026913, -15.8595796124379, 15.8921645407243, 57.8615301026913))
160070,2012,1,1,list(c(-47.4002602827753, 36.7828672085754, -36.7892829279369, -47.4002602827753, 36.786075152497, 47.4027497083904, -47.397770640065, 36.786075152497))
160073,2011,1,1,list(c(-51.6319848790856, 30.5556259828824, -30.5717202626313, -51.6319848790856, 30.563673493968, 51.6367477751475, -51.6272207288308, 30.563673493968))
160077,2011,1,1,list(c(-49.6338561877592, 33.707613468576, -33.7158338517556, -49.6338561877592, 33.7117237757555, 49.6366476935447, -49.6310643416078, 33.7117237757555))
160081,2012,1,1,list(c(23.8531662728692, 55.059828381378, -55.0496865894134, 23.8531662728692, -55.0547587294582, 23.8414617549597, -23.8648697127673, -55.0547587294582))
160086,2011,1,1,list(c(-9.33827999648367, 59.2657339203297, -59.2719585914277, -9.33827999648367, -59.2688495476947, -9.35803306708636, 9.31852588857723, -59.2688495476947))
160086,2011,1,2,list(c(-16.6727868617291, 57.6314083635151, -57.6424882738368, -16.6727868617291, 57.6369515004337, 16.6919372763548, -16.6536346063132, 57.6369515004337))
160087,2011,1,1,list(c(-47.9907774825833, 36.0085547041304, -36.0160318964648, -47.9907774825833, 36.012293409573, 47.993582780614, -47.9879718933071, 36.012293409573))
160087,2011,1,2,list(c(-28.1517032563773, 52.9777555958949, -52.9935873566011, -28.1517032563773, 52.9856735709274, 28.1666010022798, -28.1368032846357, 52.9856735709274))
160090,2011,1,1,list(c(18.5180732942645, 57.0744667190089, -57.0672143019745, 18.5180732942645, 57.0708416046955, -18.5068973288541, 18.5292485495909, 57.0708416046955))
160091,2011,1,1,list(c(31.3177474913568, 51.1841145960552, -51.1720986139793, 31.3177474913568, -51.1781075467588, 31.307928916137, -31.3275649140048, -51.1781075467588))
160093,2011,1,1,list(c(-3.81419277823007, 59.8774814541628, -59.8797997824724, -3.81419277823007, -59.8786433835178, -3.83239020800179, 3.79599499617894, -59.8786433835178))
160097,2012,1,1,list(c(8.4100216079507, 59.4104724104561, -59.4048657309259, 8.4100216079507, -59.4076723711155, 8.39021858871566, -8.42982369273938, -59.4076723711155))
10022,2012,2,1,list(c(0.0659682624913432, 2683.06038544673, -765.206701917068, 0.0659682624913432, 0.24113935461445, 1342.08307047159, 2900.768640092, 0.24113935461445))
30062,2011,2,1,list(c(-3.35483348194214, 2160.63518986863, -2974.87840999973, -3.35483348194214, -1.03208154156539, -2081.26297624816, 387.425406649415, -1.03208154156539))
30128,2011,2,1,list(c(-0.0986297835053219, -2084.89417393655, 1499.63652361532, -0.0986297835053219, -3.1384505995484, 2157.13149425004, 2598.28603064385, -3.1384505995484))
30517,2011,2,1,list(c(-2.39854183452905, 109.892214160661, -531.293196891145, -2.39854183452905, 2.32434874061833, 2997.98660791987, 2952.57981076502, 2.32434874061833))
30625,2011,2,1,list(c(0.632614632173741, -2103.15155196433, 956.778125069861, 0.632614632173741, 0.322333254815078, -2139.33483809104, 2843.33881544001, 0.322333254815078))
30633,2011,2,1,list(c(-2.91696769117526, 2957.94604975745, 1547.01940317306, -2.91696769117526, -1.91608963481348, -500.554858855932, -2570.35619442249, -1.91608963481348))
30640,2011,2,1,list(c(-2.5383590353295, 2554.05226951808, -944.302310818559, -2.5383590353295, 0.402036575153393, -1573.79064826602, 2847.50647861997, 0.402036575153393))
30642,2011,2,1,list(c(-1.33358403940279, 2200.99950633616, -2971.88843563172, -1.33358403940279, -0.937258560830544, 2038.52916905988, 409.730553118105, -0.937258560830544))
50004,2012,2,1,list(c(0.993655513945181, -1654.23363097859, 2981.18675516705, 0.993655513945181, -1.16342112736805, -2502.70076000695, -335.448253560116, -1.16342112736805))
50010,2012,2,1,list(c(-0.377184369363113, -2964.59540876326, -1221.65214779389, -0.377184369363113, -1.82135442775648, 459.536791062276, -2739.99380104966, -1.82135442775648))
50023,2012,2,1,list(c(-2.62892004013159, 2939.98008446864, 481.030080564847, -2.62892004013159, 1.44526102230515, -597.090531601158, 2961.18389526753, 1.44526102230515))
50024,2011,2,1,list(c(1.00076749487222, -2696.31635668771, -2298.41261070524, 1.00076749487222, -0.680120887201078, -1315.24830532425, -1928.02994555352, -0.680120887201078))
50042,2011,2,2,list(c(-3.14455901868651, 1331.4417121892, 600.759899278046, -3.14455901868651, -0.967392670014281, -2688.35692701745, -2939.23247522537, -0.967392670014281))
50052,2012,2,1,list(c(0.348529245129448, 2957.93357109546, -2070.42695857687, 0.348529245129448, -1.82705428635536, 500.628593856238, -2171.02100616233, -1.82705428635536))
50057,2012,2,1,list(c(-2.80712209203717, 1308.36214666114, 328.334433339926, -2.80712209203717, 1.26746422450374, 2699.66451493223, 2981.97862163419, 1.26746422450374))
50062,2012,2,1,list(c(0.163775434991201, 553.860377367764, -1559.31690656817, 0.163775434991201, 0.309317970531043, 2948.42986729921, 2562.91450986776, 0.309317970531043))
50068,2012,2,1,list(c(3.64120857585285, -1575.10247269104, 2816.32561850611, 3.64120857585285, 1.31091575134928, -2553.24346675411, -1033.59083323441, 1.31091575134928))
50073,2012,2,1,list(c(-0.0100514429050011, -2909.59983799965, -2074.98118958525, -0.0100514429050011, 0.319842099317034, -730.909558503938, 2166.66865553258, 0.319842099317034))
50075,2011,2,1,list(c(0.0318548234795732, 1352.96472522569, -1851.43014698847, 0.0318548234795732, 0.166988832623877, -2677.58967212958, 2360.55214109374, 0.166988832623877))
50080,2012,2,1,list(c(-2.14715850339514, -2618.32761786722, -2824.97229630842, -2.14715850339514, 3.15944779372883, 1464.36350866639, 1009.71853755881, 3.15944779372883))
50080,2012,2,2,list(c(-1.96786340424904, 2041.92995748446, -1744.90384415667, -1.96786340424904, -0.815115710937641, 2197.84486457246, 2440.35050241708, -0.815115710937641))
50094,2011,2,1,list(c(-1.57051697757159, -1562.35317441304, 1317.36855957873, -1.57051697757159, -2.85675977694299, 2561.0647313962, -2695.2810759239, -2.85675977694299))
50101,2011,2,1,list(c(0, -1973.86746544618, 0, 0, 3.21, -2259.16958833397, -3000.50004166667, 3.21))
50102,2011,2,1,list(c(-0.280244433455437, 2256.66178062664, -1211.44882362874, -0.280244433455437, -1.60572820163228, -1976.73407616174, -2744.52031286499, -1.60572820163228))
50109,2011,2,1,list(c(-2.50686946655451, -1193.34210748431, 1876.22391437485, -2.50686946655451, -2.93516702721612, -2752.44157331358, -2340.89380859703, -2.93516702721612))
50112,2011,2,1,list(c(0.853481989520476, 422.570697139344, 2984.89837410411, 0.853481989520476, -1.74217349697559, 2970.08989862583, -300.635487377379, -1.74217349697559))
50122,2012,2,1,list(c(-1.05022051815883, -528.899385783705, -2584.41386514851, -1.05022051815883, -1.65488273398395, 2953.00955632006, 1523.41884379448, -1.65488273398395))
50131,2011,2,1,list(c(1.422271210457, -857.829864810073, 2349.70507278536, 1.422271210457, -0.225265629657932, 2874.73962699928, 1865.17722239114, -0.225265629657932))
50142,2011,2,1,list(c(-3.01962743009461, 2988.58810533287, -1147.93192106721, -3.01962743009461, 0.0474360982816976, -261.421377593464, -2771.68762752857, 0.0474360982816976))
60051,2012,2,2,list(c(0.682112131483274, -640.005359708561, 827.522533113526, 0.682112131483274, -0.417998851772759, -2930.93724592396, -2883.60996967159, -0.417998851772759))
60074,2011,2,2,list(c(0.366509221253772, -39.9984433277828, -2745.51909545323, 0.366509221253772, -1.52662077502435, -2999.7333422375, -1209.18356608981, -1.52662077502435))
60076,2011,2,1,list(c(-0.719894898515619, 860.308332181093, 1742.93873205636, -0.719894898515619, 3.47624097770727, -2873.9988819726, -2441.75440540153, 3.47624097770727))
60089,2011,2,1,list(c(1.45663996924429, -2966.18955244153, 1891.64227534852, 1.45663996924429, -1.45663996924429, 449.131983927558, -2328.45216874091, -1.45663996924429))
60093,2011,2,1,list(c(-0.770396905664207, -996.604662614259, -2876.57833011736, -0.770396905664207, 0.12201888273138, 2829.62526608304, 851.643769835259, 0.12201888273138))
60093,2011,2,2,list(c(-0.43431698518369, -2283.70642624377, -2754.07736152632, -0.43431698518369, 0.204374059951234, -1945.4266778095, 1189.56205669491, 0.204374059951234))
60100,2011,2,1,list(c(-1.01602376540971, 2999.98073871351, 386.629176847974, -1.01602376540971, -2.56618310105157, 10.7502254846696, -2974.98199651861, -2.56618310105157))
60131,2012,2,1,list(c(1.9, 1500.36167958609, 1439.7785147472, 1.9, 1.16341445918999e-16, 2597.86736197782, 2631.92663812507, 1.16341445918999e-16))
70037,2012,2,1,list(c(0.537689570212409, -2042.72692133173, 2908.47696271057, 0.537689570212409, -1.65483833835357, 2197.10416795986, -735.365050421831, -1.65483833835357))
70048,2012,2,1,list(c(-0.523543779351702, 1143.86770466777, 2461.96455998715, -0.523543779351702, -2.34220022865299, -2773.36738897285, -1714.27258782473, -2.34220022865299))
70056,2012,2,1,list(c(-2.36116728909918, 354.77279826824, 594.778468713442, -2.36116728909918, 1.2030748243098, -2978.94885179469, 2940.44870269061, 1.2030748243098))
70124,2012,2,1,list(c(1.35724057869903, 2862.37595211463, 2991.50864537494, 1.35724057869903, -0.638668937347609, -898.222638746015, 225.557142753257, -0.638668937347609))
70137,2012,2,1,list(c(-0.0535756805311127, -2677.25101826923, -1059.79120871135, -0.0535756805311127, 0.12934313455158, 1353.63473107644, 2806.57132350812, 0.12934313455158))
70144,2012,2,2,list(c(-0.0618033988749895, -2127.70485042531, -698.577167703774, -0.0618033988749895, 0.190211303259031, 2114.9165632423, 2917.53148068071, 0.190211303259031))
70146,2012,2,2,list(c(-1.4782792837511, -2523.52602066074, 2347.75166280389, -1.4782792837511, -2.1752219103421, -1622.28740457668, -1867.63543814139, -2.1752219103421))
70147,2012,2,1,list(c(-2.93141146457973, 304.269345314811, -2965.46684486144, -2.93141146457973, 1.49362874414311, -2984.5301414966, -453.87927032143, 1.49362874414311))
70153,2012,2,1,list(c(-0.757091636218621, -1847.52059836957, 1906.33177791682, -0.757091636218621, -2.33008846492313, -2363.61325910144, -2316.44105310377, -2.33008846492313))
80003,2011,2,2,list(c(0.815902706878323, 2205.821243633, 576.273423654075, 0.815902706878323, -0.98625695075301, 2033.3107586243, -2944.13127105264, -0.98625695075301))
80016,2012,2,1,list(c(-2.06616013041193, 1478.96422965191, 1014.42804754987, -2.06616013041193, -0.427881193202241, 2610.10819841058, 2823.28456524385, -0.427881193202241))
80016,2012,2,2,list(c(0.932587819235609, -1380.36377829296, -741.875825724118, 0.932587819235609, 0.117813239550446, 2663.56825322288, -2906.82305261365, 0.117813239550446))
80024,2011,2,1,list(c(0.244123425556208, 2168.47218527447, -549.749751093217, 0.244123425556208, 0.751334647873171, -2073.09632716161, 2949.19907961008, 0.751334647873171))
80026,2012,2,2,list(c(0.101749933532829, -2859.70145454587, 192.983153032778, 0.101749933532829, -2.15760212991785, 906.701489393411, -2993.78648247425, -2.15760212991785))
80029,2012,2,1,list(c(-1.9139957232214, 2855.20175886099, -2376.78128725097, -1.9139957232214, 3.23639002153483, 920.772999276758, -1830.54929258232, 3.23639002153483))
80050,2012,2,1,list(c(-0.333542454542054, -1382.56422786476, -2985.47413863371, -0.333542454542054, -1.91111209274026, 2662.42674187079, -294.862964017727, -1.91111209274026))
80058,2011,2,1,list(c(-2.70184936160645, -2138.74534890043, -2700.66833589236, -2.70184936160645, -1.71464574393279, 2103.75101486767, -1306.28884229653, -1.71464574393279))
80079,2012,2,1,list(c(2.75771644662754, -1592.20498561011, -2255.65925587317, 2.75771644662754, 2.75771644662754, -2542.61347510751, -1977.87798445549, 2.75771644662754))
80128,2012,2,1,list(c(-1.27947380188269, 1042.97235894736, -2968.19448418862, -1.27947380188269, 3.7370371673688, -2812.86484895236, 435.685097326317, 3.7370371673688))
80129,2012,2,1,list(c(-2.58076421205608, 619.470823282245, -1420.70172538773, -2.58076421205608, 1.87503495481299, 2935.34595901437, 2642.27300018002, 1.87503495481299))
80130,2012,2,1,list(c(-2.19774600740183, 2535.80348733218, -2599.71241830244, -2.19774600740183, 3.23388504541354, 1603.02859414108, 1497.16243010707, 3.23388504541354))
80146,2012,2,1,list(c(0.207038289300732, 2890.84390610123, 796.529792571363, 0.207038289300732, -2.19023632212678, 801.886220456124, -2892.32437488367, -2.19023632212678))
80163,2012,2,1,list(c(0.466737561790885, 2932.57382962581, 1316.7033993414, 0.466737561790885, 0.112053774650835, -632.464017785821, -2695.60608364108, 0.112053774650835))
80169,2012,2,1,list(c(1.33237134002567, -320.861729880748, 2314.37322272465, 1.33237134002567, -2.17423241910293, -2982.7919388214, 1908.84168697541, -2.17423241910293))
80204,2012,2,1,list(c(-0.643324215678248, 1010.19129669445, -2384.84950432361, -0.643324215678248, -1.70250813611036, -2824.80327528888, -1820.02550579035, -1.70250813611036))
80208,2012,2,1,list(c(0.399191572193598, -1407.80066196959, -111.146643186056, 0.399191572193598, -1.66275256388003, -2649.16917092095, -2997.94036360106, -1.66275256388003))
80218,2011,2,1,list(c(-2.46750183284359, -1793.19953088513, -67.780125857154, -2.46750183284359, -1.79274501949204, 2405.08532955347, -2999.23421135109, -1.79274501949204))
80219,2011,2,1,list(c(0.308658373906495, 2928.38734995381, 1836.80160066206, 0.308658373906495, 0.0844393759889193, 651.573118406895, -2371.95275665543, 0.0844393759889193))
80228,2012,2,1,list(c(-3.64871744146325, 1406.50252356638, 2469.36898001646, -3.64871744146325, 0.287160290363913, -2649.8586096623, -1703.58939904323, 0.287160290363913))
80234,2012,2,1,list(c(-2.38806125833734e-15, -2.20436423846524e-12, 332.153100145789, -2.38806125833734e-15, 3.25, 3000, -2981.55568756707, 3.25))
80236,2012,2,1,list(c(-0.34967972164441, 2508.86513975685, 2020.87674317462, -0.34967972164441, 2.76800001666739, -1644.86951169777, 2217.21834488531, 2.76800001666739))
80261,2011,2,1,list(c(-2.68423305856811, 180.269080712642, -2886.73001180527, -2.68423305856811, 2.29255161060555, -2994.57894511716, -816.5720047508, 2.29255161060555))
80286,2012,2,1,list(c(-0.587997522955581, -2761.72617101525, 940.269757852839, -0.587997522955581, 3.36907389544933, 1171.6947368361, 2848.84060320464, 3.36907389544933))
80292,2012,2,2,list(c(1.32747653308857, 2720.22553774712, 2310.64232247148, 1.32747653308857, -0.996697574040967, -1265.05850607329, 1913.35622862121, -0.996697574040967))
100040,2011,2,1,list(c(1.52320980584271, -82.067073408561, 1114.49204802002, 1.52320980584271, 0.143985719377327, -2998.87728916376, 2785.30204374681, 0.143985719377327))
100064,2011,2,1,list(c(-2.36269408094751, -2958.62145366435, -615.631396323097, -2.36269408094751, 0.185948056874993, 496.547171895134, 2936.15360358774, 0.185948056874993))
100066,2011,2,1,list(c(1.13634819584162, -826.976864997841, 2454.7728811423, 1.13634819584162, 1.21008792151954, 2883.76650662954, 1724.55504464437, 1.21008792151954))
120108,2012,2,2,list(c(0.157806609877303, -1954.33772155386, 2834.9061037187, 0.157806609877303, 3.3462810811226, -2276.08525106413, -981.482237790597, 3.3462810811226))
120163,2011,2,1,list(c(-0.00587785252292473, 2823.14742353789, -2963.47334046062, -0.00587785252292473, -0.00809016994374948, -1014.80964962468, -466.71807376529, -0.00809016994374948))
140048,2011,2,1,list(c(1.87303297761199, 2564.46769414163, -190.927240541683, 1.87303297761199, -1.50058237520569, -1556.76120381512, 2993.9183002913, -1.50058237520569))
140056,2011,2,1,list(c(-1.60266754497364, 2768.1973111436, -2597.00422509071, -1.60266754497364, -1.32584189867727, -1156.32333132968, 1501.85520435925, -1.32584189867727))
140187,2011,2,1,list(c(0.756868287062036, -2679.06180707983, 1267.97213713096, 0.756868287062036, -0.25913393455852, 1350.04734503875, -2718.86863593289, -0.25913393455852))
140254,2012,2,1,list(c(-2.87257197839086, 2957.16495991072, 1015.36538209553, -2.87257197839086, -1.24307289768686, -505.14888882016, -2822.94759796246, -1.24307289768686))
150003,2011,2,1,list(c(-0.318041370840802, 36.0780314828248, -2987.12558238942, -0.318041370840802, -0.289395380809203, -2999.78305476318, 277.634210850608, -0.289395380809203))
150507,2012,2,1,list(c(-2.48813094521477, 1135.22729958891, -1895.6066773906, -2.48813094521477, -1.12343419899195, 2776.91537110299, -2325.22586529399, -1.12343419899195))
160008,2012,2,1,list(c(0.68724576263702, 251.006827537987, -2487.05563930565, 0.68724576263702, 0.483004411716354, 2989.48081989654, 1677.66332945497, 0.483004411716354))
160030,2011,2,1,list(c(-0.839851479376692, 578.904438819554, -2248.82848080628, -0.839851479376692, 3.75727953346418, -2943.61506496944, -1985.64107127006, 3.75727953346418))
160048,2012,2,1,list(c(-3.47721354845179, 2306.38702065917, -1909.43254064567, -3.47721354845179, -0.892796694921827, -1918.48349248434, -2313.88577348222, -0.892796694921827))
160049,2012,2,1,list(c(-2.85382838819681, 2993.4089454382, -213.037208978938, -2.85382838819681, -1.81109456702901, -198.753327948465, -2992.42629777083, -1.81109456702901))
160056,2011,2,1,list(c(-0.0133380462737338, 2415.49266506906, -1886.83470784398, -0.0133380462737338, 0.169475946734632, -1779.15575062937, 2332.34962758059, 0.169475946734632))
160068,2011,2,1,list(c(-2.28142792413735, 2199.72095668474, 1141.89380872587, -2.28142792413735, 1.65755441146477, -2039.90875107735, 2774.18069519516, 1.65755441146477))
