"bund_nr","status","pk_dist","pk_azi"
80265,1,-9,-9
150004,1,-9,-9
80247,1,-9,-9
70163,1,-9,-9
100003,1,-9,-9
80234,1,-9,-9
60114,1,-9,-9
140031,1,-9,-9
80157,1,-9,-9
80107,1,-9,-9
160092,1,-9,-9
140042,1,-9,-9
50039,1,-9,-9
30019,1,-9,-9
30179,1,-9,-9
50027,1,-9,-9
30165,1,-9,-9
130085,-1,-9,-9
80133,1,-9,-9
50095,1,-9,-9
50096,1,-9,-9
120182,1,-9,-9
60017,1,-9,-9
80094,1,-9,-9
60066,1,-9,-9
100088,1,-9,-9
30119,1,-9,-9
160041,1,-9,-9
70118,1,-9,-9
130044,1,-9,-9
50044,1,-9,-9
60069,1,-9,-9
30089,1,-9,-9
130034,1,-9,-9
60032,1,-9,-9
30150,1,-9,-9
140068,1,-9,-9
120033,1,-9,-9
80069,1,-9,-9
70014,1,-9,-9
70004,1,-9,-9
140062,1,-9,-9
80066,1,-9,-9
80032,1,-9,-9
50079,1,-9,-9
80185,1,-9,-9
120181,1,-9,-9
60086,1,-9,-9
50018,1,-9,-9
70074,1,-9,-9
120025,1,-9,-9
100051,-1,-9,-9
80022,1,-9,-9
30624,1,-9,-9
140043,1,-9,-9
70053,1,-9,-9
150502,1,-9,-9
150021,1,-9,-9
70099,1,-9,-9
150025,1,-9,-9
60067,1,-9,-9
70024,1,-9,-9
100020,1,-9,-9
30022,1,-9,-9
70161,1,-9,-9
150009,1,-9,-9
70080,1,-9,-9
70093,1,-9,-9
120084,1,-9,-9
100089,1,-9,-9
130022,1,-9,-9
130035,1,-9,-9
100040,1,-9,-9
120085,1,-9,-9
70131,1,-9,-9
100056,1,-9,-9
70106,1,-9,-9
120159,1,-9,-9
80248,1,-9,-9
30129,1,-9,-9
60027,1,-9,-9
100108,-1,-9,-9
80026,1,-9,-9
100123,-1,-9,-9
10020,1,-9,-9
150037,1,-9,-9
160032,1,-9,-9
140003,1,-9,-9
80028,1,-9,-9
70006,1,-9,-9
100013,1,-9,-9
130003,1,-9,-9
130086,-1,-9,-9
160011,1,-9,-9
60078,1,-9,-9
120020,1,-9,-9
80097,1,-9,-9
60128,1,-9,-9
160043,1,-9,-9
80109,-1,-9,-9
130002,1,-9,-9
130076,1,-9,-9
70033,1,-9,-9
70138,1,-9,-9
60094,1,-9,-9
70130,1,-9,-9
10028,1,-9,-9
30131,1,-9,-9
140060,1,-9,-9
80045,1,-9,-9
50076,1,-9,-9
10012,1,-9,-9
50065,1,-9,-9
30110,1,-9,-9
130037,1,-9,-9
160060,1,-9,-9
30623,1,-9,-9
60056,1,-9,-9
80272,1,-9,-9
30635,1,-9,-9
50042,1,-9,-9
60020,1,-9,-9
70044,1,-9,-9
70159,1,-9,-9
160078,1,-9,-9
120099,1,-9,-9
150011,1,-9,-9
160067,1,-9,-9
160061,1,-9,-9
70089,1,-9,-9
130005,-1,-9,-9
100018,1,-9,-9
140004,1,-9,-9
160090,1,-9,-9
120029,1,-9,-9
150507,1,-9,-9
150032,1,-9,-9
50064,1,-9,-9
100055,1,-9,-9
60057,1,-9,-9
140037,1,-9,-9
120188,1,-9,-9
150047,1,-9,-9
80062,1,-9,-9
80258,1,-9,-9
130082,1,-9,-9
120074,1,-9,-9
160087,1,-9,-9
120125,1,-9,-9
120023,-1,-9,-9
100038,-1,-9,-9
60031,1,-9,-9
100102,-1,-9,-9
100016,1,-9,-9
140028,1,-9,-9
120104,1,-9,-9
60085,1,-9,-9
140057,1,-9,-9
140175,1,-9,-9
70140,1,-9,-9
40004,1,-9,-9
150068,1,-9,-9
120138,-1,-9,-9
100041,-1,-9,-9
80086,1,-9,-9
30055,1,-9,-9
10015,1,-9,-9
120054,1,-9,-9
30639,1,-9,-9
70139,1,-9,-9
150043,1,-9,-9
80010,1,-9,-9
160098,1,-9,-9
160083,1,-9,-9
140021,1,-9,-9
80115,1,-9,-9
140089,1,-9,-9
70028,1,-9,-9
60022,1,-9,-9
80105,1,-9,-9
140051,1,-9,-9
100121,-1,-9,-9
120121,-1,-9,-9
70100,1,-9,-9
130066,-1,-9,-9
70116,1,-9,-9
150013,1,-9,-9
120043,1,-9,-9
100001,-1,-9,-9
80006,1,-9,-9
100117,-1,-9,-9
120031,-1,-9,-9
100082,1,-9,-9
160065,1,-9,-9
80262,1,-9,-9
80048,1,-9,-9
80008,1,-9,-9
120091,1,-9,-9
80270,1,-9,-9
160068,1,-9,-9
100100,-1,-9,-9
140022,1,-9,-9
80246,1,-9,-9
100012,-1,-9,-9
60033,1,-9,-9
60018,1,-9,-9
60098,1,-9,-9
80202,1,-9,-9
130077,1,-9,-9
50093,1,-9,-9
100072,1,-9,-9
30063,1,-9,-9
80160,1,-9,-9
70121,1,-9,-9
120088,1,-9,-9
100110,-1,-9,-9
80171,1,-9,-9
80201,1,-9,-9
160074,1,-9,-9
80180,1,-9,-9
10032,1,-9,-9
80196,1,-9,-9
30510,1,-9,-9
70020,1,-9,-9
50115,1,-9,-9
80011,1,-9,-9
80207,1,-9,-9
30638,1,-9,-9
50010,1,-9,-9
140040,1,-9,-9
100067,-1,-9,-9
100002,1,-9,-9
50032,1,-9,-9
140027,1,-9,-9
160010,1,-9,-9
130023,1,-9,-9
130040,1,-9,-9
60037,1,-9,-9
30094,1,-9,-9
130016,-1,-9,-9
70003,1,-9,-9
160072,1,-9,-9
150030,1,-9,-9
60126,1,-9,-9
160017,1,-9,-9
120153,1,-9,-9
30502,1,-9,-9
120014,1,-9,-9
80155,1,-9,-9
130064,1,-9,-9
100124,-1,-9,-9
60099,1,-9,-9
30170,1,-9,-9
80206,1,-9,-9
140064,1,-9,-9
50008,1,-9,-9
120127,-1,-9,-9
80286,1,-9,-9
160027,1,-9,-9
150510,2,-9,-9
80037,1,-9,-9
140187,1,-9,-9
80211,1,-9,-9
130048,1,-9,-9
50123,1,-9,-9
120077,1,-9,-9
130019,1,-9,-9
150015,1,-9,-9
150071,1,-9,-9
80014,1,-9,-9
130063,1,-9,-9
120036,1,-9,-9
80136,1,-9,-9
130069,1,-9,-9
130060,1,-9,-9
80186,1,-9,-9
130084,1,-9,-9
130021,1,-9,-9
80241,1,-9,-9
130070,1,-9,-9
10035,1,-9,-9
70031,1,-9,-9
80173,1,-9,-9
100077,-1,-9,-9
30519,1,-9,-9
160084,1,-9,-9
140017,1,-9,-9
80023,1,-9,-9
100062,1,-9,-9
50034,1,-9,-9
130072,1,-9,-9
120165,1,-9,-9
70078,1,-9,-9
30651,1,-9,-9
70128,1,-9,-9
50043,1,-9,-9
120079,1,-9,-9
80100,1,-9,-9
130026,1,-9,-9
60044,1,-9,-9
80031,1,-9,-9
50049,1,-9,-9
120034,1,-9,-9
100125,-1,-9,-9
130013,1,-9,-9
50119,1,-9,-9
60077,1,-9,-9
160013,1,-9,-9
160042,1,-9,-9
70068,1,-9,-9
100073,1,-9,-9
80061,1,-9,-9
50104,1,-9,-9
150000,1,-9,-9
100025,1,-9,-9
80079,1,-9,-9
30614,1,-9,-9
150049,1,-9,-9
140039,1,-9,-9
120096,1,-9,-9
80212,1,-9,-9
160086,1,-9,-9
120071,1,-9,-9
150034,1,-9,-9
120123,1,-9,-9
130073,1,-9,-9
10001,1,-9,-9
60096,1,-9,-9
50054,1,-9,-9
60019,1,-9,-9
70147,1,-9,-9
10031,1,-9,-9
120163,1,-9,-9
130062,-1,-9,-9
10038,1,-9,-9
60104,1,-9,-9
60004,1,-9,-9
30060,1,-9,-9
120166,-1,-9,-9
30014,1,-9,-9
30042,1,-9,-9
80120,1,-9,-9
50070,1,-9,-9
160089,1,-9,-9
150033,1,-9,-9
120060,-1,-9,-9
60010,1,-9,-9
120152,-1,-9,-9
30169,1,-9,-9
80216,1,-9,-9
50127,1,-9,-9
50117,1,-9,-9
70143,1,-9,-9
100101,-1,-9,-9
160026,1,-9,-9
120001,-1,-9,-9
70049,1,-9,-9
70117,1,-9,-9
50113,1,-9,-9
120145,1,-9,-9
130056,1,-9,-9
30141,1,-9,-9
70010,1,-9,-9
70114,1,-9,-9
160069,1,-9,-9
70151,1,-9,-9
120139,1,-9,-9
30609,1,-9,-9
130036,1,-9,-9
50122,1,-9,-9
50063,1,-9,-9
120024,1,-9,-9
60091,1,-9,-9
80049,1,-9,-9
130054,1,-9,-9
120021,-1,-9,-9
80001,1,-9,-9
70155,2,-9,-9
60082,1,-9,-9
120049,1,-9,-9
30139,1,-9,-9
80080,1,-9,-9
80056,1,-9,-9
150503,1,-9,-9
80282,1,-9,-9
120089,1,-9,-9
60058,1,-9,-9
80016,1,-9,-9
50108,1,-9,-9
120170,1,-9,-9
50013,1,-9,-9
70119,1,-9,-9
80249,1,-9,-9
120149,1,-9,-9
120048,-1,-9,-9
150044,1,-9,-9
50143,1,-9,-9
80255,1,-9,-9
30105,1,-9,-9
100061,-1,-9,-9
70061,1,-9,-9
120055,1,-9,-9
120052,1,-9,-9
80298,1,-9,-9
120128,1,-9,-9
120130,1,-9,-9
100063,-1,-9,-9
130055,1,-9,-9
80251,1,-9,-9
130017,1,-9,-9
140046,1,-9,-9
120087,-1,-9,-9
120058,1,-9,-9
30650,1,-9,-9
100021,1,-9,-9
70029,1,-9,-9
10010,1,-9,-9
30621,1,-9,-9
130015,1,-9,-9
70057,2,-9,-9
70025,1,-9,-9
50140,1,-9,-9
100035,-1,-9,-9
120162,-1,-9,-9
80237,1,-9,-9
30618,1,-9,-9
120006,-1,-9,-9
140038,1,-9,-9
30044,1,-9,-9
100022,1,-9,-9
30511,1,-9,-9
60118,1,-9,-9
10008,1,-9,-9
80154,1,-9,-9
80088,1,-9,-9
60110,1,-9,-9
70019,1,-9,-9
80184,1,-9,-9
70026,1,-9,-9
150003,1,-9,-9
100028,1,-9,-9
50136,1,-9,-9
50038,1,-9,-9
120016,1,-9,-9
140059,1,-9,-9
120028,1,-9,-9
130041,1,-9,-9
140009,1,-9,-9
70051,1,-9,-9
50103,1,-9,-9
120156,1,-9,-9
60121,1,-9,-9
70069,1,-9,-9
80195,1,-9,-9
60023,1,-9,-9
50139,1,-9,-9
60063,1,-9,-9
30157,1,-9,-9
80222,1,-9,-9
150508,1,-9,-9
160025,1,-9,-9
130074,1,-9,-9
10037,1,-9,-9
150053,1,-9,-9
100083,1,-9,-9
150504,1,-9,-9
160051,1,-9,-9
80268,1,-9,-9
30029,1,-9,-9
160024,1,-9,-9
30617,1,-9,-9
60071,1,-9,-9
80124,1,-9,-9
80242,1,-9,-9
80205,1,-9,-9
50035,1,-9,-9
50030,1,-9,-9
120027,1,-9,-9
120022,1,-9,-9
150023,1,-9,-9
100076,-1,-9,-9
80261,1,-9,-9
160034,1,-9,-9
50024,1,-9,-9
120068,1,-9,-9
30648,1,-9,-9
80187,-1,-9,-9
160037,1,-9,-9
120062,1,-9,-9
50088,1,-9,-9
50036,1,-9,-9
100030,-1,-9,-9
30154,1,-9,-9
80203,1,-9,-9
120019,1,-9,-9
160002,1,-9,-9
80224,1,-9,-9
80110,1,-9,-9
70036,1,-9,-9
80137,1,-9,-9
80077,1,-9,-9
160063,1,-9,-9
120131,1,-9,-9
80215,1,-9,-9
160045,1,-9,-9
80253,1,-9,-9
50012,1,-9,-9
80015,1,-9,-9
120095,1,-9,-9
150019,1,-9,-9
80018,1,-9,-9
70154,1,-9,-9
130061,1,-9,-9
80065,1,-9,-9
30523,1,-9,-9
140049,1,-9,-9
100115,-1,-9,-9
30083,1,-9,-9
160077,1,-9,-9
80063,1,-9,-9
30023,1,-9,-9
100059,-1,-9,-9
70157,1,-9,-9
50050,1,-9,-9
60090,1,-9,-9
80277,-1,-9,-9
30644,1,-9,-9
100024,-1,-9,-9
80145,1,-9,-9
30138,1,-9,-9
130011,1,-9,-9
50006,1,-9,-9
30178,1,-9,-9
70152,1,-9,-9
60130,1,-9,-9
10033,1,-9,-9
140315,1,-9,-9
30118,1,-9,-9
70041,1,-9,-9
70012,1,-9,-9
100014,1,-9,-9
30081,1,-9,-9
150059,1,-9,-9
100019,-1,-9,-9
80116,1,-9,-9
80043,1,-9,-9
70048,1,-9,-9
80050,1,-9,-9
60109,1,-9,-9
150070,1,-9,-9
80019,1,-9,-9
50086,1,-9,-9
130059,1,-9,-9
80304,1,-9,-9
80300,-1,-9,-9
160071,1,-9,-9
30613,1,-9,-9
100031,-1,-9,-9
60047,1,-9,-9
80102,1,-9,-9
60138,1,-9,-9
30130,1,-9,-9
70153,1,-9,-9
60103,1,-9,-9
10042,1,-9,-9
80030,1,-9,-9
140035,1,-9,-9
160066,1,-9,-9
120004,1,-9,-9
20002,-1,-9,-9
80025,1,-9,-9
30070,1,-9,-9
70005,1,-9,-9
30059,1,-9,-9
70122,1,-9,-9
50016,1,-9,-9
30513,1,-9,-9
80151,1,-9,-9
160050,1,-9,-9
50135,1,-9,-9
150010,1,-9,-9
60089,1,-9,-9
80003,1,-9,-9
130050,1,-9,-9
160033,1,-9,-9
80112,1,-9,-9
10024,1,-9,-9
60080,1,-9,-9
100081,1,-9,-9
50053,1,-9,-9
60002,1,-9,-9
30640,1,-9,-9
60062,1,-9,-9
80291,1,-9,-9
70075,1,-9,-9
160095,1,-9,-9
150074,1,-9,-9
50121,1,-9,-9
80042,1,-9,-9
120160,-1,-9,-9
160008,1,-9,-9
130052,1,-9,-9
50077,1,-9,-9
30036,1,-9,-9
120101,1,-9,-9
150054,1,-9,-9
140055,1,-9,-9
80164,1,-9,-9
120026,1,-9,-9
150073,1,-9,-9
10007,1,-9,-9
70136,1,-9,-9
160080,3,-9,-9
60068,1,-9,-9
120113,1,-9,-9
30652,1,-9,-9
80200,1,-9,-9
50083,1,-9,-9
50078,1,-9,-9
30637,1,-9,-9
70081,1,-9,-9
150002,1,-9,-9
120013,1,-9,-9
100049,-1,-9,-9
160005,1,-9,-9
30033,1,-9,-9
130027,1,-9,-9
160059,1,-9,-9
80198,1,-9,-9
150024,1,-9,-9
50090,1,-9,-9
60036,1,-9,-9
30509,1,-9,-9
70011,1,-9,-9
120115,1,-9,-9
100113,-1,-9,-9
30128,1,-9,-9
150060,1,-9,-9
80288,1,-9,-9
80193,1,-9,-9
50089,1,-9,-9
70059,1,-9,-9
50048,1,-9,-9
100043,-1,-9,-9
160076,1,-9,-9
120157,2,-9,-9
60041,1,-9,-9
60072,1,-9,-9
60120,1,-9,-9
150063,1,-9,-9
80024,1,-9,-9
120168,1,-9,-9
160029,1,-9,-9
120140,1,-9,-9
140029,1,-9,-9
160082,1,-9,-9
100033,-1,-9,-9
120186,1,-9,-9
70085,1,-9,-9
80179,1,-9,-9
140254,1,-9,-9
50126,1,-9,-9
60131,1,-9,-9
70037,1,-9,-9
120108,1,-9,-9
100060,-1,-9,-9
30107,1,-9,-9
50082,1,-9,-9
100036,-1,-9,-9
120046,1,-9,-9
80139,1,-9,-9
50142,1,-9,-9
140030,1,-9,-9
70062,1,-9,-9
60095,1,-9,-9
80165,1,-9,-9
160053,1,-9,-9
30051,1,-9,-9
150052,1,-9,-9
80240,1,-9,-9
80034,1,-9,-9
80305,1,-9,-9
140010,2,-9,-9
80275,1,-9,-9
150061,1,-9,-9
30632,1,-9,-9
80129,1,-9,-9
120133,1,-9,-9
70125,1,-9,-9
60076,1,-9,-9
80236,1,-9,-9
10036,1,-9,-9
30517,1,-9,-9
80276,1,-9,-9
30631,1,-9,-9
140026,1,-9,-9
10029,1,-9,-9
30501,1,-9,-9
50056,1,-9,-9
70145,1,-9,-9
30186,1,-9,-9
120110,1,-9,-9
80245,1,-9,-9
130024,1,-9,-9
100047,1,-9,-9
50120,1,-9,-9
140036,1,-9,-9
70092,1,-9,-9
30612,1,-9,-9
80209,1,-9,-9
130068,1,-9,-9
70054,1,-9,-9
70046,2,-9,-9
80210,1,-9,-9
50022,1,-9,-9
50055,1,-9,-9
30629,1,-9,-9
150501,1,-9,-9
100010,1,-9,-9
60061,1,-9,-9
80132,1,-9,-9
80013,1,-9,-9
70110,1,-9,-9
120044,1,-9,-9
70134,1,-9,-9
160036,1,-9,-9
60079,1,-9,-9
60064,1,-9,-9
100119,-1,-9,-9
120112,1,-9,-9
10026,1,-9,-9
30031,1,-9,-9
50029,1,-9,-9
80147,1,-9,-9
70027,1,-9,-9
60015,1,-9,-9
70070,1,-9,-9
100069,-1,-9,-9
130001,1,-9,-9
80169,1,-9,-9
10003,1,-9,-9
100052,1,-9,-9
80269,1,-9,-9
150008,1,-9,-9
150550,1,-9,-9
80035,1,-9,-9
130007,-1,-9,-9
140044,1,-9,-9
70082,1,-9,-9
30040,1,-9,-9
50146,1,-9,-9
120045,1,-9,-9
80289,1,-9,-9
60075,1,-9,-9
30148,1,-9,-9
150041,1,-9,-9
80064,1,-9,-9
150072,1,-9,-9
80071,1,-9,-9
30506,1,-9,-9
30606,1,-9,-9
80219,1,-9,-9
130081,1,-9,-9
70018,1,-9,-9
30634,1,-9,-9
80104,1,-9,-9
130004,2,-9,-9
60016,1,-9,-9
140058,1,-9,-9
120114,1,-9,-9
70107,1,-9,-9
80181,-1,-9,-9
30649,1,-9,-9
70091,1,-9,-9
160040,1,-9,-9
60012,1,-9,-9
150040,1,-9,-9
150036,1,-9,-9
80225,1,-9,-9
80170,1,-9,-9
140012,1,-9,-9
50061,1,-9,-9
140033,1,-9,-9
80290,1,-9,-9
80257,1,-9,-9
80176,1,-9,-9
70129,1,-9,-9
50116,1,-9,-9
80084,1,-9,-9
30147,1,-9,-9
80283,1,-9,-9
30508,1,-9,-9
130006,1,-9,-9
70043,1,-9,-9
60083,1,-9,-9
70097,1,-9,-9
80150,1,-9,-9
140048,1,-9,-9
30505,1,-9,-9
80161,1,-9,-9
100004,1,-9,-9
30507,1,-9,-9
120032,1,-9,-9
100026,-1,-9,-9
80271,1,-9,-9
30111,1,-9,-9
30167,1,-9,-9
80191,1,-9,-9
120161,1,-9,-9
60005,1,-9,-9
50046,1,-9,-9
50085,1,-9,-9
150017,1,-9,-9
50105,1,-9,-9
120038,1,-9,-9
80230,1,-9,-9
10027,1,-9,-9
160070,1,-9,-9
80012,1,-9,-9
30143,1,-9,-9
30603,1,-9,-9
130020,1,-9,-9
100071,1,-9,-9
80309,1,-9,-9
80239,1,-9,-9
50003,1,-9,-9
120017,1,-9,-9
70156,1,-9,-9
150066,1,-9,-9
60050,1,-9,-9
80294,1,-9,-9
80273,1,-9,-9
70095,1,-9,-9
70071,1,-9,-9
70001,1,-9,-9
80292,1,-9,-9
70144,1,-9,-9
70065,1,-9,-9
100042,-1,-9,-9
50057,1,-9,-9
80114,1,-9,-9
140053,1,-9,-9
100005,-1,-9,-9
50145,2,-9,-9
50004,1,-9,-9
60045,1,-9,-9
100032,-1,-9,-9
150069,1,-9,-9
10005,1,-9,-9
80284,1,-9,-9
80058,1,-9,-9
80074,1,-9,-9
120056,1,-9,-9
30503,1,-9,-9
120039,1,-9,-9
160073,1,-9,-9
120098,1,-9,-9
30034,1,-9,-9
100027,-1,-9,-9
80252,1,-9,-9
70162,1,-9,-9
50069,1,-9,-9
50125,1,-9,-9
70087,1,-9,-9
80233,1,-9,-9
150067,1,-9,-9
60129,1,-9,-9
30142,1,-9,-9
50101,1,-9,-9
30160,1,-9,-9
120164,-1,-9,-9
80052,1,-9,-9
130046,-1,-9,-9
80027,1,-9,-9
100008,-1,-9,-9
60042,1,-9,-9
100087,1,-9,-9
10009,1,-9,-9
100007,-1,-9,-9
70058,1,-9,-9
50060,1,-9,-9
10013,1,-9,-9
60105,1,-9,-9
60070,1,-9,-9
80188,1,-9,-9
120067,1,-9,-9
120050,-1,-9,-9
50138,1,-9,-9
160031,1,-9,-9
30001,1,-9,-9
120142,1,-9,-9
60137,1,-9,-9
30079,1,-9,-9
30058,1,-9,-9
80067,1,-9,-9
120057,1,-9,-9
60008,1,-9,-9
70094,1,-9,-9
120169,1,-9,-9
160003,1,-9,-9
160091,1,-9,-9
70009,1,-9,-9
80281,1,-9,-9
70066,1,-9,-9
80235,1,-9,-9
60038,1,-9,-9
80141,1,-9,-9
50107,1,-9,-9
60088,1,-9,-9
100085,1,-9,-9
120002,1,-9,-9
160004,1,-9,-9
120146,1,-9,-9
50031,1,-9,-9
30615,1,-9,-9
70149,1,-9,-9
100046,-1,-9,-9
50071,1,-9,-9
80229,1,-9,-9
80208,1,-9,-9
140007,1,-9,-9
80036,1,-9,-9
50020,1,-9,-9
50009,1,-9,-9
80220,1,-9,-9
70076,1,-9,-9
120126,-1,-9,-9
30645,1,-9,-9
50097,1,-9,-9
80072,1,-9,-9
70160,1,-9,-9
30191,1,-9,-9
80005,1,-9,-9
160028,1,-9,-9
80280,1,-9,-9
80260,1,-9,-9
50025,1,-9,-9
100103,-1,-9,-9
30008,1,-9,-9
120150,1,-9,-9
120102,1,-9,-9
30123,1,-9,-9
30127,1,-9,-9
10011,1,-9,-9
60001,1,-9,-9
60127,1,-9,-9
30520,1,-9,-9
140052,1,-9,-9
60139,1,-9,-9
80033,1,-9,-9
120097,1,-9,-9
70103,1,-9,-9
30053,1,-9,-9
60134,1,-9,-9
60021,1,-9,-9
40001,1,-9,-9
60123,1,-9,-9
80087,1,-9,-9
80259,1,-9,-9
50058,1,-9,-9
120147,-1,-9,-9
80127,1,-9,-9
80040,1,-9,-9
70133,1,-9,-9
120082,-1,-9,-9
70148,1,-9,-9
50073,1,-9,-9
80039,1,-9,-9
80007,1,-9,-9
30188,1,-9,-9
50134,1,-9,-9
120100,1,-9,-9
30024,1,-9,-9
160088,1,-9,-9
50137,1,-9,-9
10019,1,-9,-9
100112,-1,-9,-9
100048,-1,-9,-9
80017,1,-9,-9
140001,1,-9,-9
120070,1,-9,-9
60084,1,-9,-9
80303,1,-9,-9
160081,1,-9,-9
120037,1,-9,-9
60053,1,-9,-9
30633,1,-9,-9
10014,1,-9,-9
140020,1,-9,-9
50099,1,-9,-9
80126,1,-9,-9
70164,1,-9,-9
80095,1,-9,-9
150007,1,-9,-9
100053,-1,-9,-9
50084,1,-9,-9
60112,1,-9,-9
30002,1,-9,-9
70098,1,-9,-9
120183,1,-9,-9
60125,1,-9,-9
120066,1,-9,-9
60108,1,-9,-9
100090,1,-9,-9
120105,1,-9,-9
80274,1,-9,-9
80143,1,-9,-9
80113,1,-9,-9
130018,-1,-9,-9
70104,1,-9,-9
120081,1,-9,-9
80029,1,-9,-9
80227,1,-9,-9
80099,1,-9,-9
80083,1,-9,-9
30168,1,-9,-9
80078,1,-9,-9
140016,1,-9,-9
120154,1,-9,-9
30004,1,-9,-9
80279,1,-9,-9
50102,1,-9,-9
80285,1,-9,-9
80152,1,-9,-9
60111,1,-9,-9
60040,1,-9,-9
30064,1,-9,-9
80226,1,-9,-9
80243,1,-9,-9
30627,1,-9,-9
160039,1,-9,-9
50014,1,-9,-9
80302,1,-9,-9
100078,-1,-9,-9
80060,1,-9,-9
50041,1,-9,-9
30608,1,-9,-9
80119,1,-9,-9
140023,1,-9,-9
50110,1,-9,-9
120135,1,-9,-9
70067,1,-9,-9
30636,1,-9,-9
160075,1,-9,-9
80090,1,-9,-9
100118,-1,-9,-9
80009,1,-9,-9
130078,1,-9,-9
30625,1,-9,-9
120083,1,-9,-9
60093,1,-9,-9
80020,1,-9,-9
130032,1,-9,-9
160020,1,-9,-9
80044,1,-9,-9
30619,1,-9,-9
80092,1,-9,-9
70022,1,-9,-9
80121,1,-9,-9
50094,1,-9,-9
100058,1,-9,-9
160030,1,-9,-9
30098,1,-9,-9
70124,1,-9,-9
50017,1,-9,-9
140063,1,-9,-9
80263,1,-9,-9
160006,1,-9,-9
160054,1,-9,-9
80103,1,-9,-9
70088,1,-9,-9
60009,1,-9,-9
60106,1,-9,-9
80076,1,-9,-9
130071,1,-9,-9
80192,1,-9,-9
130029,1,-9,-9
80296,1,-9,-9
80221,1,-9,-9
100023,-1,-9,-9
80306,1,-9,-9
50141,1,-9,-9
120141,1,-9,-9
80888,-1,-9,-9
100011,1,-9,-9
80096,1,-9,-9
100029,1,-9,-9
60052,1,-9,-9
50066,1,-9,-9
80070,1,-9,-9
80214,1,-9,-9
50131,1,-9,-9
50072,1,-9,-9
50015,1,-9,-9
70038,1,-9,-9
50098,1,-9,-9
160016,1,-9,-9
150012,1,-9,-9
30504,1,-9,-9
70115,1,-9,-9
50080,1,-9,-9
60035,1,-9,-9
50129,1,-9,-9
30620,1,-9,-9
50091,1,-9,-9
120076,1,-9,-9
120061,1,-9,-9
160022,1,-9,-9
30622,1,-9,-9
70083,1,-9,-9
120185,1,-9,-9
100075,-1,-9,-9
80204,1,-9,-9
130012,1,-9,-9
50109,1,-9,-9
120106,1,-9,-9
60029,1,-9,-9
160035,1,-9,-9
80190,-1,-9,-9
50087,1,-9,-9
120041,1,-9,-9
150020,1,-9,-9
60116,1,-9,-9
80166,1,-9,-9
60051,1,-9,-9
60107,1,-9,-9
80089,1,-9,-9
50144,1,-9,-9
80238,1,-9,-9
80266,1,-9,-9
80046,1,-9,-9
60060,1,-9,-9
30646,1,-9,-9
80081,1,-9,-9
60097,1,-9,-9
60054,1,-9,-9
150051,1,-9,-9
70032,1,-9,-9
160049,1,-9,-9
140041,1,-9,-9
160021,1,-9,-9
120008,1,-9,-9
30604,1,-9,-9
150058,1,-9,-9
70135,1,-9,-9
130065,-1,-9,-9
140061,1,-9,-9
120053,1,-9,-9
80159,1,-9,-9
70086,1,-9,-9
30164,1,-9,-9
30163,1,-9,-9
60013,1,-9,-9
70047,1,-9,-9
30037,1,-9,-9
160012,1,-9,-9
100106,-1,-9,-9
80293,1,-9,-9
130030,1,-9,-9
150065,1,-9,-9
60135,1,-9,-9
130028,1,-9,-9
80131,1,-9,-9
140054,1,-9,-9
130009,1,-9,-9
120122,1,-9,-9
80162,1,-9,-9
60073,1,-9,-9
120005,-1,-9,-9
130045,-1,-9,-9
120064,-1,-9,-9
60055,1,-9,-9
70111,1,-9,-9
40003,1,-9,-9
60039,1,-9,-9
160044,1,-9,-9
70142,1,-9,-9
120187,1,-9,-9
120086,1,-9,-9
150022,1,-9,-9
120137,1,-9,-9
80153,1,-9,-9
60059,1,-9,-9
140019,1,-9,-9
80182,1,-9,-9
50021,1,-9,-9
120080,-1,-9,-9
70023,1,-9,-9
160009,1,-9,-9
130053,1,-9,-9
80172,1,-9,-9
120118,1,-9,-9
130047,1,-9,-9
80108,1,-9,-9
80244,1,-9,-9
30016,1,-9,-9
150057,1,-9,-9
30601,1,-9,-9
60074,1,-9,-9
80256,1,-9,-9
100084,1,-9,-9
130039,1,-9,-9
60007,1,-9,-9
100045,1,-9,-9
130083,1,-9,-9
120042,1,-9,-9
150014,1,-9,-9
10017,1,-9,-9
10006,1,-9,-9
80106,1,-9,-9
30039,1,-9,-9
130008,1,-9,-9
80299,1,-9,-9
80232,1,-9,-9
20001,-1,-9,-9
120184,1,-9,-9
150045,1,-9,-9
80142,1,-9,-9
30647,1,-9,-9
30516,1,-9,-9
80295,1,-9,-9
80231,1,-9,-9
50011,1,-9,-9
140056,1,-9,-9
30607,1,-9,-9
80197,-1,-9,-9
80140,1,-9,-9
70120,1,-9,-9
80051,1,-9,-9
70077,1,-9,-9
80167,1,-9,-9
140018,1,-9,-9
120167,1,-9,-9
60102,1,-9,-9
80054,1,-9,-9
160055,1,-9,-9
120109,1,-9,-9
70165,1,-9,-9
30521,1,-9,-9
140008,1,-9,-9
80250,1,-9,-9
80144,1,-9,-9
50128,1,-9,-9
30009,1,-9,-9
70007,1,-9,-9
160038,1,-9,-9
120103,1,-9,-9
120007,1,-9,-9
120051,-1,-9,-9
10022,1,-9,-9
120078,-1,-9,-9
80217,1,-9,-9
50062,1,-9,-9
120040,1,-9,-9
20003,-1,-9,-9
100114,-1,-9,-9
80307,1,-9,-9
160052,1,-9,-9
120144,1,-9,-9
70150,1,-9,-9
100009,1,-9,-9
140234,1,-9,-9
140102,1,-9,-9
140005,1,-9,-9
50067,1,-9,-9
130051,1,-9,-9
130010,1,-9,-9
70126,1,-9,-9
60122,1,-9,-9
130043,1,-9,-9
70042,1,-9,-9
80218,1,-9,-9
70127,1,-9,-9
130038,-1,-9,-9
50040,1,-9,-9
100065,1,-9,-9
130033,1,-9,-9
50037,1,-9,-9
80168,1,-9,-9
70158,1,-9,-9
120059,1,-9,-9
100074,-1,-9,-9
50059,1,-9,-9
50033,1,-9,-9
70050,1,-9,-9
50133,1,-9,-9
80059,1,-9,-9
80228,1,-9,-9
10004,1,-9,-9
60026,1,-9,-9
80146,1,-9,-9
80278,1,-9,-9
160056,1,-9,-9
50045,1,-9,-9
150055,1,-9,-9
150050,1,-9,-9
80055,1,-9,-9
150509,1,-9,-9
60136,1,-9,-9
160046,1,-9,-9
60065,1,-9,-9
70096,1,-9,-9
60132,1,-9,-9
70105,1,-9,-9
160007,1,-9,-9
130014,1,-9,-9
120158,-1,-9,-9
120012,1,-9,-9
10021,1,-9,-9
100039,1,-9,-9
80128,1,-9,-9
30522,1,-9,-9
150016,1,-9,-9
80091,1,-9,-9
10034,1,-9,-9
60115,1,-9,-9
120030,1,-9,-9
30182,1,-9,-9
150075,1,-9,-9
30192,1,-9,-9
140002,1,-9,-9
60024,1,-9,-9
80123,1,-9,-9
130031,-1,-9,-9
50106,1,-9,-9
80254,1,-9,-9
120120,1,-9,-9
30006,1,-9,-9
30610,1,-9,-9
120143,1,-9,-9
50074,1,-9,-9
100104,-1,-9,-9
160048,1,-9,-9
50114,1,-9,-9
50112,1,-9,-9
120075,-1,-9,-9
120134,1,-9,-9
80082,1,-9,-9
30643,1,-9,-9
70052,1,-9,-9
30125,1,-9,-9
50118,1,-9,-9
150062,1,-9,-9
160062,1,-9,-9
140014,1,-9,-9
160015,1,-9,-9
70090,1,-9,-9
30641,1,-9,-9
100105,-1,-9,-9
120092,1,-9,-9
70102,1,-9,-9
10040,1,-9,-9
70109,1,-9,-9
80093,1,-9,-9
10030,1,-9,-9
80041,1,-9,-9
130087,-1,-9,-9
50051,1,-9,-9
120111,1,-9,-9
80308,1,-9,-9
30515,1,-9,-9
60100,1,-9,-9
50005,1,-9,-9
100034,-1,-9,-9
120129,1,-9,-9
80130,1,-9,-9
80057,1,-9,-9
140252,1,-9,-9
60014,1,-9,-9
70141,1,-9,-9
80038,1,-9,-9
50092,1,-9,-9
120063,1,-9,-9
130079,1,-9,-9
80135,1,-9,-9
70113,1,-9,-9
10023,1,-9,-9
60006,1,-9,-9
70039,1,-9,-9
80004,1,-9,-9
80158,1,-9,-9
140050,1,-9,-9
140066,1,-9,-9
160057,1,-9,-9
70015,1,-9,-9
80175,1,-9,-9
160001,1,-9,-9
100054,-1,-9,-9
80068,1,-9,-9
100050,1,-9,-9
140047,1,-9,-9
30628,1,-9,-9
10043,1,-9,-9
30062,1,-9,-9
60101,1,-9,-9
80021,1,-9,-9
10039,1,-9,-9
30032,1,-9,-9
160023,1,-9,-9
160064,1,-9,-9
140013,1,-9,-9
130049,1,-9,-9
80002,1,-9,-9
120069,1,-9,-9
140316,1,-9,-9
80174,1,-9,-9
70021,1,-9,-9
100057,1,-9,-9
80264,1,-9,-9
70040,1,-9,-9
100122,-1,-9,-9
100079,-1,-9,-9
80223,1,-9,-9
150506,1,-9,-9
100068,1,-9,-9
100066,1,-9,-9
120090,-1,-9,-9
60113,1,-9,-9
70013,1,-9,-9
80085,1,-9,-9
30109,1,-9,-9
80075,1,-9,-9
120116,1,-9,-9
120094,1,-9,-9
160058,1,-9,-9
60124,1,-9,-9
30626,1,-9,-9
120072,-1,-9,-9
140025,1,-9,-9
150005,1,-9,-9
30080,1,-9,-9
50047,1,-9,-9
100017,-1,-9,-9
100006,-1,-9,-9
60028,1,-9,-9
140034,1,-9,-9
140015,1,-9,-9
70055,1,-9,-9
50052,1,-9,-9
80111,1,-9,-9
30028,1,-9,-9
140317,-1,-9,-9
50001,1,-9,-9
120155,1,-9,-9
30007,1,-9,-9
150029,1,-9,-9
60003,1,-9,-9
50111,1,-9,-9
80213,1,-9,-9
60049,1,-9,-9
70030,1,-9,-9
20004,-1,-9,-9
60087,1,-9,-9
130025,1,-9,-9
100064,1,-9,-9
80267,1,-9,-9
140006,1,-9,-9
120073,1,-9,-9
140065,2,-9,-9
50026,1,-9,-9
60030,1,-9,-9
30069,1,-9,-9
30132,1,-9,-9
100037,1,-9,-9
30512,1,-9,-9
120148,1,-9,-9
80053,1,-9,-9
80118,1,-9,-9
160093,1,-9,-9
80301,1,-9,-9
130042,1,-9,-9
120124,1,-9,-9
10025,1,-9,-9
50028,1,-9,-9
80163,1,-9,-9
70064,1,-9,-9
80117,1,-9,-9
120003,1,-9,-9
160094,1,-9,-9
50023,1,-9,-9
60119,1,-9,-9
150042,1,-9,-9
30159,1,-9,-9
30171,1,-9,-9
30630,1,-9,-9
70146,1,-9,-9
70063,1,-9,-9
80149,1,-9,-9
70112,1,-9,-9
60025,1,-9,-9
120011,1,-9,-9
60133,1,-9,-9
60011,1,-9,-9
70108,1,-9,-9
100070,1,-9,-9
30642,1,-9,-9
40005,1,-9,-9
160097,2,-9,-9
160085,1,-9,-9
150505,1,-9,-9
60046,1,-9,-9
130075,1,-9,-9
10041,1,-9,-9
80156,1,-9,-9
80134,1,-9,-9
80125,1,-9,-9
70034,1,-9,-9
30086,1,-9,-9
150006,1,-9,-9
30077,1,-9,-9
10016,1,-9,-9
80101,1,-9,-9
60043,1,-9,-9
60048,1,-9,-9
50132,1,-9,-9
150064,1,-9,-9
70035,1,-9,-9
150026,1,-9,-9
80297,1,-9,-9
80183,1,-9,-9
80199,1,-9,-9
70016,1,-9,-9
30088,1,-9,-9
30616,1,-9,-9
120065,1,-9,-9
70101,1,-9,-9
30161,1,-9,-9
50068,1,-9,-9
130088,1,-9,-9
120010,1,-9,-9
80189,1,-9,-9
50081,1,-9,-9
30026,1,-9,-9
70060,1,-9,-9
60034,1,-9,-9
160047,1,-9,-9
140032,1,-9,-9
80148,1,-9,-9
30099,1,-9,-9
30611,1,-9,-9
30158,1,-9,-9
30605,1,-9,-9
100080,1,-9,-9
70084,1,-9,-9
70072,1,-9,-9
30112,1,-9,-9
120009,1,-9,-9
50075,1,-9,-9
60092,1,-9,-9
30602,1,-9,-9
50007,1,-9,-9
120035,1,-9,-9
10018,1,-9,-9
60117,1,-9,-9
160014,1,-9,-9
100015,1,-9,-9
50002,1,-9,-9
120151,1,-9,-9
120119,1,-9,-9
140045,1,-9,-9
30514,1,-9,-9
30013,1,-9,-9
80177,1,-9,-9
80098,1,-9,-9
120136,1,-9,-9
80047,1,-9,-9
80138,1,-9,-9
120107,1,-9,-9
100107,-1,-9,-9
80122,1,-9,-9
70137,1,-9,-9
160019,1,-9,-9
70132,1,-9,-9
80178,1,-9,-9
70017,1,-9,-9
70056,1,-9,-9
100111,-1,-9,-9
30518,1,-9,-9
70008,1,-9,-9
100109,-1,-9,-9
160018,1,-9,-9
70073,1,-9,-9
120047,1,-9,-9
10002,1,-9,-9
70002,1,-9,-9
60081,1,-9,-9
120015,1,-9,-9
100044,1,-9,-9
50019,1,-9,-9
80194,1,-9,-9
120018,-1,-9,-9
80287,1,-9,-9
130057,1,-9,-9
100086,1,-9,-9
160096,1,-9,-9
50100,1,-9,-9
120117,-1,-9,-9
70045,1,-9,-9
120093,1,-9,-9
130080,1,-9,-9
50130,1,-9,-9
100120,-1,-9,-9
140067,1,-9,-9
160079,1,-9,-9
120132,1,-9,-9
70123,1,-9,-9
100116,-1,-9,-9
80073,1,-9,-9
140011,-2,-9,-9
50124,1,-9,-9
130058,1,-9,-9
140024,1,-9,-9
70079,1,-9,-9
