"plot_ID","CCS_r_m","plot_A_ha","inv_year","compartiment","B_CCS_t_ha","C_CCS_t_ha","N_CCS_t_ha","BA_CCS_m2_ha","n_trees_CCS_ha"
"10012","17.84","0.0999860870850348","2012","ag","0","0","0","0","0"
"10012","17.84","0.0999860870850348","2012","bg","0","0","0","0","0"
"10012","17.84","0.0999860870850348","2012","total","0","0","0","0","0"
"10029","17.84","0.0999860870850348","2012","ag","0","0","0","0","0"
"10029","17.84","0.0999860870850348","2012","bg","0","0","0","0","0"
"10029","17.84","0.0999860870850348","2012","total","0","0","0","0","0"
"30009","17.84","0.0999860870850348","2011","ag","0","0","0","0","0"
"30009","17.84","0.0999860870850348","2011","bg","0","0","0","0","0"
"30009","17.84","0.0999860870850348","2011","total","0","0","0","0","0"
"30019","17.84","0.0999860870850348","2011","ag","0","0","0","0","0"
"30019","17.84","0.0999860870850348","2011","bg","0","0","0","0","0"
"30019","17.84","0.0999860870850348","2011","total","0","0","0","0","0"
"30022","5.64","0.00999328056736299","2011","ag","0","0","0","0","0"
"30022","5.64","0.00999328056736299","2011","bg","0","0","0","0","0"
"30022","5.64","0.00999328056736299","2011","total","0","0","0","0","0"
"30037","17.84","0.0999860870850348","2011","ag","0","0","0","0","0"
"30037","17.84","0.0999860870850348","2011","bg","0","0","0","0","0"
"30037","17.84","0.0999860870850348","2011","total","0","0","0","0","0"
"30081","17.84","0.0999860870850348","2011","ag","0","0","0","0","0"
"30081","17.84","0.0999860870850348","2011","bg","0","0","0","0","0"
"30081","17.84","0.0999860870850348","2011","total","0","0","0","0","0"
"30167","17.84","0.0999860870850348","2011","ag","0","0","0","0","0"
"30167","17.84","0.0999860870850348","2011","bg","0","0","0","0","0"
"30167","17.84","0.0999860870850348","2011","total","0","0","0","0","0"
"30503","17.84","0.0999860870850348","2011","ag","0","0","0","0","0"
"30503","17.84","0.0999860870850348","2011","bg","0","0","0","0","0"
"30503","17.84","0.0999860870850348","2011","total","0","0","0","0","0"
"30523","17.84","0.0999860870850348","2011","ag","0","0","0","0","0"
"30523","17.84","0.0999860870850348","2011","bg","0","0","0","0","0"
"30523","17.84","0.0999860870850348","2011","total","0","0","0","0","0"
"30602","17.84","0.0999860870850348","2011","ag","0","0","0","0","0"
"30602","17.84","0.0999860870850348","2011","bg","0","0","0","0","0"
"30602","17.84","0.0999860870850348","2011","total","0","0","0","0","0"
"30609","17.84","0.0999860870850348","2011","ag","0","0","0","0","0"
"30609","17.84","0.0999860870850348","2011","bg","0","0","0","0","0"
"30609","17.84","0.0999860870850348","2011","total","0","0","0","0","0"
"30611","5.64","0.00999328056736299","2011","ag","0","0","0","0","0"
"30611","5.64","0.00999328056736299","2011","bg","0","0","0","0","0"
"30611","5.64","0.00999328056736299","2011","total","0","0","0","0","0"
"30611","17.84","0.0999860870850348","2011","ag","0","0","0","0","0"
"30611","17.84","0.0999860870850348","2011","bg","0","0","0","0","0"
"30611","17.84","0.0999860870850348","2011","total","0","0","0","0","0"
"30612","17.84","0.0999860870850348","2011","ag","0","0","0","0","0"
"30612","17.84","0.0999860870850348","2011","bg","0","0","0","0","0"
"30612","17.84","0.0999860870850348","2011","total","0","0","0","0","0"
"30615","5.64","0.00999328056736299","2011","ag","0","0","0","0","0"
"30615","5.64","0.00999328056736299","2011","bg","0","0","0","0","0"
"30615","5.64","0.00999328056736299","2011","total","0","0","0","0","0"
"30619","17.84","0.0999860870850348","2011","ag","0","0","0","0","0"
"30619","17.84","0.0999860870850348","2011","bg","0","0","0","0","0"
"30619","17.84","0.0999860870850348","2011","total","0","0","0","0","0"
"30630","17.84","0.0999860870850348","2011","ag","0","0","0","0","0"
"30630","17.84","0.0999860870850348","2011","bg","0","0","0","0","0"
"30630","17.84","0.0999860870850348","2011","total","0","0","0","0","0"
"30631","17.84","0.0999860870850348","2011","ag","0","0","0","0","0"
"30631","17.84","0.0999860870850348","2011","bg","0","0","0","0","0"
"30631","17.84","0.0999860870850348","2011","total","0","0","0","0","0"
"30647","17.84","0.0999860870850348","2011","ag","0","0","0","0","0"
"30647","17.84","0.0999860870850348","2011","bg","0","0","0","0","0"
"30647","17.84","0.0999860870850348","2011","total","0","0","0","0","0"
"30650","5.64","0.00999328056736299","2011","ag","0","0","0","0","0"
"30650","5.64","0.00999328056736299","2011","bg","0","0","0","0","0"
"30650","5.64","0.00999328056736299","2011","total","0","0","0","0","0"
"30650","12.62","0.0500343869018386","2011","ag","0","0","0","0","0"
"30650","12.62","0.0500343869018386","2011","bg","0","0","0","0","0"
"30650","12.62","0.0500343869018386","2011","total","0","0","0","0","0"
"30652","17.84","0.0999860870850348","2011","ag","0","0","0","0","0"
"30652","17.84","0.0999860870850348","2011","bg","0","0","0","0","0"
"30652","17.84","0.0999860870850348","2011","total","0","0","0","0","0"
"40005","17.84","0.0999860870850348","2011","ag","0","0","0","0","0"
"40005","17.84","0.0999860870850348","2011","bg","0","0","0","0","0"
"40005","17.84","0.0999860870850348","2011","total","0","0","0","0","0"
"50003","17.84","0.0999860870850348","2012","ag","0","0","0","0","0"
"50003","17.84","0.0999860870850348","2012","bg","0","0","0","0","0"
"50003","17.84","0.0999860870850348","2012","total","0","0","0","0","0"
"50010","17.84","0.0999860870850348","2012","ag","0","0","0","0","0"
"50010","17.84","0.0999860870850348","2012","bg","0","0","0","0","0"
"50010","17.84","0.0999860870850348","2012","total","0","0","0","0","0"
"50018","17.84","0.0999860870850348","2012","ag","0","0","0","0","0"
"50018","17.84","0.0999860870850348","2012","bg","0","0","0","0","0"
"50018","17.84","0.0999860870850348","2012","total","0","0","0","0","0"
"50024","5.64","0.00999328056736299","2011","ag","0","0","0","0","0"
"50024","5.64","0.00999328056736299","2011","bg","0","0","0","0","0"
"50024","5.64","0.00999328056736299","2011","total","0","0","0","0","0"
"50044","17.84","0.0999860870850348","2011","ag","0","0","0","0","0"
"50044","17.84","0.0999860870850348","2011","bg","0","0","0","0","0"
"50044","17.84","0.0999860870850348","2011","total","0","0","0","0","0"
"50050","17.84","0.0999860870850348","2012","ag","0","0","0","0","0"
"50050","17.84","0.0999860870850348","2012","bg","0","0","0","0","0"
"50050","17.84","0.0999860870850348","2012","total","0","0","0","0","0"
"50053","12.62","0.0500343869018386","2012","ag","0","0","0","0","0"
"50053","12.62","0.0500343869018386","2012","bg","0","0","0","0","0"
"50053","12.62","0.0500343869018386","2012","total","0","0","0","0","0"
"50054","5.64","0.00999328056736299","2012","ag","0","0","0","0","0"
"50054","5.64","0.00999328056736299","2012","bg","0","0","0","0","0"
"50054","5.64","0.00999328056736299","2012","total","0","0","0","0","0"
"50058","5.64","0.00999328056736299","2011","ag","0","0","0","0","0"
"50058","5.64","0.00999328056736299","2011","bg","0","0","0","0","0"
"50058","5.64","0.00999328056736299","2011","total","0","0","0","0","0"
"50065","17.84","0.0999860870850348","2012","ag","0","0","0","0","0"
"50065","17.84","0.0999860870850348","2012","bg","0","0","0","0","0"
"50065","17.84","0.0999860870850348","2012","total","0","0","0","0","0"
"50066","5.64","0.00999328056736299","2012","ag","0","0","0","0","0"
"50066","5.64","0.00999328056736299","2012","bg","0","0","0","0","0"
"50066","5.64","0.00999328056736299","2012","total","0","0","0","0","0"
"50066","12.62","0.0500343869018386","2012","ag","0","0","0","0","0"
"50066","12.62","0.0500343869018386","2012","bg","0","0","0","0","0"
"50066","12.62","0.0500343869018386","2012","total","0","0","0","0","0"
"50066","17.84","0.0999860870850348","2012","ag","0","0","0","0","0"
"50066","17.84","0.0999860870850348","2012","bg","0","0","0","0","0"
"50066","17.84","0.0999860870850348","2012","total","0","0","0","0","0"
"50071","5.64","0.00999328056736299","2012","ag","0","0","0","0","0"
"50071","5.64","0.00999328056736299","2012","bg","0","0","0","0","0"
"50071","5.64","0.00999328056736299","2012","total","0","0","0","0","0"
"50071","12.62","0.0500343869018386","2012","ag","0","0","0","0","0"
"50071","12.62","0.0500343869018386","2012","bg","0","0","0","0","0"
"50071","12.62","0.0500343869018386","2012","total","0","0","0","0","0"
"50071","17.84","0.0999860870850348","2012","ag","0","0","0","0","0"
"50071","17.84","0.0999860870850348","2012","bg","0","0","0","0","0"
"50071","17.84","0.0999860870850348","2012","total","0","0","0","0","0"
"50075","5.64","0.00999328056736299","2011","ag","0","0","0","0","0"
"50075","5.64","0.00999328056736299","2011","bg","0","0","0","0","0"
"50075","5.64","0.00999328056736299","2011","total","0","0","0","0","0"
"50075","17.84","0.0999860870850348","2011","ag","0","0","0","0","0"
"50075","17.84","0.0999860870850348","2011","bg","0","0","0","0","0"
"50075","17.84","0.0999860870850348","2011","total","0","0","0","0","0"
"50084","5.64","0.00999328056736299","2011","ag","0","0","0","0","0"
"50084","5.64","0.00999328056736299","2011","bg","0","0","0","0","0"
"50084","5.64","0.00999328056736299","2011","total","0","0","0","0","0"
"50084","12.62","0.0500343869018386","2011","ag","0","0","0","0","0"
"50084","12.62","0.0500343869018386","2011","bg","0","0","0","0","0"
"50084","12.62","0.0500343869018386","2011","total","0","0","0","0","0"
"50084","17.84","0.0999860870850348","2011","ag","0","0","0","0","0"
"50084","17.84","0.0999860870850348","2011","bg","0","0","0","0","0"
"50084","17.84","0.0999860870850348","2011","total","0","0","0","0","0"
"50093","5.64","0.00999328056736299","2011","ag","0","0","0","0","0"
"50093","5.64","0.00999328056736299","2011","bg","0","0","0","0","0"
"50093","5.64","0.00999328056736299","2011","total","0","0","0","0","0"
"50093","12.62","0.0500343869018386","2011","ag","0","0","0","0","0"
"50093","12.62","0.0500343869018386","2011","bg","0","0","0","0","0"
"50093","12.62","0.0500343869018386","2011","total","0","0","0","0","0"
"50098","17.84","0.0999860870850348","2012","ag","0","0","0","0","0"
"50098","17.84","0.0999860870850348","2012","bg","0","0","0","0","0"
"50098","17.84","0.0999860870850348","2012","total","0","0","0","0","0"
"50120","5.64","0.00999328056736299","2011","ag","0","0","0","0","0"
"50120","5.64","0.00999328056736299","2011","bg","0","0","0","0","0"
"50120","5.64","0.00999328056736299","2011","total","0","0","0","0","0"
"50120","12.62","0.0500343869018386","2011","ag","0","0","0","0","0"
"50120","12.62","0.0500343869018386","2011","bg","0","0","0","0","0"
"50120","12.62","0.0500343869018386","2011","total","0","0","0","0","0"
"50120","17.84","0.0999860870850348","2011","ag","0","0","0","0","0"
"50120","17.84","0.0999860870850348","2011","bg","0","0","0","0","0"
"50120","17.84","0.0999860870850348","2011","total","0","0","0","0","0"
"50133","5.64","0.00999328056736299","2011","ag","0","0","0","0","0"
"50133","5.64","0.00999328056736299","2011","bg","0","0","0","0","0"
"50133","5.64","0.00999328056736299","2011","total","0","0","0","0","0"
"50141","17.84","0.0999860870850348","2011","ag","0","0","0","0","0"
"50141","17.84","0.0999860870850348","2011","bg","0","0","0","0","0"
"50141","17.84","0.0999860870850348","2011","total","0","0","0","0","0"
"50145","17.84","0.0999860870850348","2011","ag","0","0","0","0","0"
"50145","17.84","0.0999860870850348","2011","bg","0","0","0","0","0"
"50145","17.84","0.0999860870850348","2011","total","0","0","0","0","0"
"60011","17.84","0.0999860870850348","2012","ag","0","0","0","0","0"
"60011","17.84","0.0999860870850348","2012","bg","0","0","0","0","0"
"60011","17.84","0.0999860870850348","2012","total","0","0","0","0","0"
"60014","17.84","0.0999860870850348","2011","ag","0","0","0","0","0"
"60014","17.84","0.0999860870850348","2011","bg","0","0","0","0","0"
"60014","17.84","0.0999860870850348","2011","total","0","0","0","0","0"
"60021","17.84","0.0999860870850348","2012","ag","0","0","0","0","0"
"60021","17.84","0.0999860870850348","2012","bg","0","0","0","0","0"
"60021","17.84","0.0999860870850348","2012","total","0","0","0","0","0"
"60025","17.84","0.0999860870850348","2011","ag","0","0","0","0","0"
"60025","17.84","0.0999860870850348","2011","bg","0","0","0","0","0"
"60025","17.84","0.0999860870850348","2011","total","0","0","0","0","0"
"60039","5.64","0.00999328056736299","2012","ag","0","0","0","0","0"
"60039","5.64","0.00999328056736299","2012","bg","0","0","0","0","0"
"60039","5.64","0.00999328056736299","2012","total","0","0","0","0","0"
"60039","12.62","0.0500343869018386","2012","ag","0","0","0","0","0"
"60039","12.62","0.0500343869018386","2012","bg","0","0","0","0","0"
"60039","12.62","0.0500343869018386","2012","total","0","0","0","0","0"
"60039","17.84","0.0999860870850348","2012","ag","0","0","0","0","0"
"60039","17.84","0.0999860870850348","2012","bg","0","0","0","0","0"
"60039","17.84","0.0999860870850348","2012","total","0","0","0","0","0"
"60052","5.64","0.00999328056736299","2011","ag","0","0","0","0","0"
"60052","5.64","0.00999328056736299","2011","bg","0","0","0","0","0"
"60052","5.64","0.00999328056736299","2011","total","0","0","0","0","0"
"60057","17.84","0.0999860870850348","2012","ag","0","0","0","0","0"
"60057","17.84","0.0999860870850348","2012","bg","0","0","0","0","0"
"60057","17.84","0.0999860870850348","2012","total","0","0","0","0","0"
"60060","5.64","0.00999328056736299","2012","ag","0","0","0","0","0"
"60060","5.64","0.00999328056736299","2012","bg","0","0","0","0","0"
"60060","5.64","0.00999328056736299","2012","total","0","0","0","0","0"
"60060","12.62","0.0500343869018386","2012","ag","0","0","0","0","0"
"60060","12.62","0.0500343869018386","2012","bg","0","0","0","0","0"
"60060","12.62","0.0500343869018386","2012","total","0","0","0","0","0"
"60062","5.64","0.00999328056736299","2011","ag","0","0","0","0","0"
"60062","5.64","0.00999328056736299","2011","bg","0","0","0","0","0"
"60062","5.64","0.00999328056736299","2011","total","0","0","0","0","0"
"60091","5.64","0.00999328056736299","2011","ag","0","0","0","0","0"
"60091","5.64","0.00999328056736299","2011","bg","0","0","0","0","0"
"60091","5.64","0.00999328056736299","2011","total","0","0","0","0","0"
"60094","17.84","0.0999860870850348","2011","ag","0","0","0","0","0"
"60094","17.84","0.0999860870850348","2011","bg","0","0","0","0","0"
"60094","17.84","0.0999860870850348","2011","total","0","0","0","0","0"
"60097","5.64","0.00999328056736299","2011","ag","0","0","0","0","0"
"60097","5.64","0.00999328056736299","2011","bg","0","0","0","0","0"
"60097","5.64","0.00999328056736299","2011","total","0","0","0","0","0"
"60105","5.64","0.00999328056736299","2012","ag","0","0","0","0","0"
"60105","5.64","0.00999328056736299","2012","bg","0","0","0","0","0"
"60105","5.64","0.00999328056736299","2012","total","0","0","0","0","0"
"60114","5.64","0.00999328056736299","2012","ag","0","0","0","0","0"
"60114","5.64","0.00999328056736299","2012","bg","0","0","0","0","0"
"60114","5.64","0.00999328056736299","2012","total","0","0","0","0","0"
"60114","12.62","0.0500343869018386","2012","ag","0","0","0","0","0"
"60114","12.62","0.0500343869018386","2012","bg","0","0","0","0","0"
"60114","12.62","0.0500343869018386","2012","total","0","0","0","0","0"
"60114","17.84","0.0999860870850348","2012","ag","0","0","0","0","0"
"60114","17.84","0.0999860870850348","2012","bg","0","0","0","0","0"
"60114","17.84","0.0999860870850348","2012","total","0","0","0","0","0"
"60124","5.64","0.00999328056736299","2012","ag","0","0","0","0","0"
"60124","5.64","0.00999328056736299","2012","bg","0","0","0","0","0"
"60124","5.64","0.00999328056736299","2012","total","0","0","0","0","0"
"60124","17.84","0.0999860870850348","2012","ag","0","0","0","0","0"
"60124","17.84","0.0999860870850348","2012","bg","0","0","0","0","0"
"60124","17.84","0.0999860870850348","2012","total","0","0","0","0","0"
"60125","17.84","0.0999860870850348","2012","ag","0","0","0","0","0"
"60125","17.84","0.0999860870850348","2012","bg","0","0","0","0","0"
"60125","17.84","0.0999860870850348","2012","total","0","0","0","0","0"
"60138","5.64","0.00999328056736299","2012","ag","0","0","0","0","0"
"60138","5.64","0.00999328056736299","2012","bg","0","0","0","0","0"
"60138","5.64","0.00999328056736299","2012","total","0","0","0","0","0"
"60138","12.62","0.0500343869018386","2012","ag","0","0","0","0","0"
"60138","12.62","0.0500343869018386","2012","bg","0","0","0","0","0"
"60138","12.62","0.0500343869018386","2012","total","0","0","0","0","0"
"60138","17.84","0.0999860870850348","2012","ag","0","0","0","0","0"
"60138","17.84","0.0999860870850348","2012","bg","0","0","0","0","0"
"60138","17.84","0.0999860870850348","2012","total","0","0","0","0","0"
"70002","17.84","0.0999860870850348","2012","ag","0","0","0","0","0"
"70002","17.84","0.0999860870850348","2012","bg","0","0","0","0","0"
"70002","17.84","0.0999860870850348","2012","total","0","0","0","0","0"
"70006","17.84","0.0999860870850348","2012","ag","0","0","0","0","0"
"70006","17.84","0.0999860870850348","2012","bg","0","0","0","0","0"
"70006","17.84","0.0999860870850348","2012","total","0","0","0","0","0"
"70010","17.84","0.0999860870850348","2012","ag","0","0","0","0","0"
"70010","17.84","0.0999860870850348","2012","bg","0","0","0","0","0"
"70010","17.84","0.0999860870850348","2012","total","0","0","0","0","0"
"70019","5.64","0.00999328056736299","2012","ag","0","0","0","0","0"
"70019","5.64","0.00999328056736299","2012","bg","0","0","0","0","0"
"70019","5.64","0.00999328056736299","2012","total","0","0","0","0","0"
"70019","12.62","0.0500343869018386","2012","ag","0","0","0","0","0"
"70019","12.62","0.0500343869018386","2012","bg","0","0","0","0","0"
"70019","12.62","0.0500343869018386","2012","total","0","0","0","0","0"
"70019","17.84","0.0999860870850348","2012","ag","0","0","0","0","0"
"70019","17.84","0.0999860870850348","2012","bg","0","0","0","0","0"
"70019","17.84","0.0999860870850348","2012","total","0","0","0","0","0"
"70022","17.84","0.0999860870850348","2012","ag","0","0","0","0","0"
"70022","17.84","0.0999860870850348","2012","bg","0","0","0","0","0"
"70022","17.84","0.0999860870850348","2012","total","0","0","0","0","0"
"70029","17.84","0.0999860870850348","2012","ag","0","0","0","0","0"
"70029","17.84","0.0999860870850348","2012","bg","0","0","0","0","0"
"70029","17.84","0.0999860870850348","2012","total","0","0","0","0","0"
"70036","17.84","0.0999860870850348","2012","ag","0","0","0","0","0"
"70036","17.84","0.0999860870850348","2012","bg","0","0","0","0","0"
"70036","17.84","0.0999860870850348","2012","total","0","0","0","0","0"
"70037","5.64","0.00999328056736299","2012","ag","0","0","0","0","0"
"70037","5.64","0.00999328056736299","2012","bg","0","0","0","0","0"
"70037","5.64","0.00999328056736299","2012","total","0","0","0","0","0"
"70037","12.62","0.0500343869018386","2012","ag","0","0","0","0","0"
"70037","12.62","0.0500343869018386","2012","bg","0","0","0","0","0"
"70037","12.62","0.0500343869018386","2012","total","0","0","0","0","0"
"70037","17.84","0.0999860870850348","2012","ag","0","0","0","0","0"
"70037","17.84","0.0999860870850348","2012","bg","0","0","0","0","0"
"70037","17.84","0.0999860870850348","2012","total","0","0","0","0","0"
"70042","17.84","0.0999860870850348","2012","ag","0","0","0","0","0"
"70042","17.84","0.0999860870850348","2012","bg","0","0","0","0","0"
"70042","17.84","0.0999860870850348","2012","total","0","0","0","0","0"
"70043","17.84","0.0999860870850348","2012","ag","0","0","0","0","0"
"70043","17.84","0.0999860870850348","2012","bg","0","0","0","0","0"
"70043","17.84","0.0999860870850348","2012","total","0","0","0","0","0"
"70045","17.84","0.0999860870850348","2012","ag","0","0","0","0","0"
"70045","17.84","0.0999860870850348","2012","bg","0","0","0","0","0"
"70045","17.84","0.0999860870850348","2012","total","0","0","0","0","0"
"70046","17.84","0.0999860870850348","2012","ag","0","0","0","0","0"
"70046","17.84","0.0999860870850348","2012","bg","0","0","0","0","0"
"70046","17.84","0.0999860870850348","2012","total","0","0","0","0","0"
"70047","5.64","0.00999328056736299","2012","ag","0","0","0","0","0"
"70047","5.64","0.00999328056736299","2012","bg","0","0","0","0","0"
"70047","5.64","0.00999328056736299","2012","total","0","0","0","0","0"
"70047","12.62","0.0500343869018386","2012","ag","0","0","0","0","0"
"70047","12.62","0.0500343869018386","2012","bg","0","0","0","0","0"
"70047","12.62","0.0500343869018386","2012","total","0","0","0","0","0"
"70047","17.84","0.0999860870850348","2012","ag","0","0","0","0","0"
"70047","17.84","0.0999860870850348","2012","bg","0","0","0","0","0"
"70047","17.84","0.0999860870850348","2012","total","0","0","0","0","0"
"70057","17.84","0.0999860870850348","2012","ag","0","0","0","0","0"
"70057","17.84","0.0999860870850348","2012","bg","0","0","0","0","0"
"70057","17.84","0.0999860870850348","2012","total","0","0","0","0","0"
"70062","17.84","0.0999860870850348","2012","ag","0","0","0","0","0"
"70062","17.84","0.0999860870850348","2012","bg","0","0","0","0","0"
"70062","17.84","0.0999860870850348","2012","total","0","0","0","0","0"
"70063","5.64","0.00999328056736299","2012","ag","0","0","0","0","0"
"70063","5.64","0.00999328056736299","2012","bg","0","0","0","0","0"
"70063","5.64","0.00999328056736299","2012","total","0","0","0","0","0"
"70063","12.62","0.0500343869018386","2012","ag","0","0","0","0","0"
"70063","12.62","0.0500343869018386","2012","bg","0","0","0","0","0"
"70063","12.62","0.0500343869018386","2012","total","0","0","0","0","0"
"70063","17.84","0.0999860870850348","2012","ag","0","0","0","0","0"
"70063","17.84","0.0999860870850348","2012","bg","0","0","0","0","0"
"70063","17.84","0.0999860870850348","2012","total","0","0","0","0","0"
"70070","5.64","0.00999328056736299","2011","ag","0","0","0","0","0"
"70070","5.64","0.00999328056736299","2011","bg","0","0","0","0","0"
"70070","5.64","0.00999328056736299","2011","total","0","0","0","0","0"
"70080","17.84","0.0999860870850348","2012","ag","0","0","0","0","0"
"70080","17.84","0.0999860870850348","2012","bg","0","0","0","0","0"
"70080","17.84","0.0999860870850348","2012","total","0","0","0","0","0"
"70105","17.84","0.0999860870850348","2012","ag","0","0","0","0","0"
"70105","17.84","0.0999860870850348","2012","bg","0","0","0","0","0"
"70105","17.84","0.0999860870850348","2012","total","0","0","0","0","0"
"70116","17.84","0.0999860870850348","2012","ag","0","0","0","0","0"
"70116","17.84","0.0999860870850348","2012","bg","0","0","0","0","0"
"70116","17.84","0.0999860870850348","2012","total","0","0","0","0","0"
"70142","5.64","0.00999328056736299","2012","ag","0","0","0","0","0"
"70142","5.64","0.00999328056736299","2012","bg","0","0","0","0","0"
"70142","5.64","0.00999328056736299","2012","total","0","0","0","0","0"
"70147","5.64","0.00999328056736299","2012","ag","0","0","0","0","0"
"70147","5.64","0.00999328056736299","2012","bg","0","0","0","0","0"
"70147","5.64","0.00999328056736299","2012","total","0","0","0","0","0"
"70152","5.64","0.00999328056736299","2012","ag","0","0","0","0","0"
"70152","5.64","0.00999328056736299","2012","bg","0","0","0","0","0"
"70152","5.64","0.00999328056736299","2012","total","0","0","0","0","0"
"70152","17.84","0.0999860870850348","2012","ag","0","0","0","0","0"
"70152","17.84","0.0999860870850348","2012","bg","0","0","0","0","0"
"70152","17.84","0.0999860870850348","2012","total","0","0","0","0","0"
"70154","5.64","0.00999328056736299","2012","ag","0","0","0","0","0"
"70154","5.64","0.00999328056736299","2012","bg","0","0","0","0","0"
"70154","5.64","0.00999328056736299","2012","total","0","0","0","0","0"
"70154","12.62","0.0500343869018386","2012","ag","0","0","0","0","0"
"70154","12.62","0.0500343869018386","2012","bg","0","0","0","0","0"
"70154","12.62","0.0500343869018386","2012","total","0","0","0","0","0"
"70154","17.84","0.0999860870850348","2012","ag","0","0","0","0","0"
"70154","17.84","0.0999860870850348","2012","bg","0","0","0","0","0"
"70154","17.84","0.0999860870850348","2012","total","0","0","0","0","0"
"70155","17.84","0.0999860870850348","2012","ag","0","0","0","0","0"
"70155","17.84","0.0999860870850348","2012","bg","0","0","0","0","0"
"70155","17.84","0.0999860870850348","2012","total","0","0","0","0","0"
"70157","17.84","0.0999860870850348","2012","ag","0","0","0","0","0"
"70157","17.84","0.0999860870850348","2012","bg","0","0","0","0","0"
"70157","17.84","0.0999860870850348","2012","total","0","0","0","0","0"
"70159","17.84","0.0999860870850348","2012","ag","0","0","0","0","0"
"70159","17.84","0.0999860870850348","2012","bg","0","0","0","0","0"
"70159","17.84","0.0999860870850348","2012","total","0","0","0","0","0"
"70163","17.84","0.0999860870850348","2012","ag","0","0","0","0","0"
"70163","17.84","0.0999860870850348","2012","bg","0","0","0","0","0"
"70163","17.84","0.0999860870850348","2012","total","0","0","0","0","0"
"70164","17.84","0.0999860870850348","2012","ag","0","0","0","0","0"
"70164","17.84","0.0999860870850348","2012","bg","0","0","0","0","0"
"70164","17.84","0.0999860870850348","2012","total","0","0","0","0","0"
"80001","5.64","0.00999328056736299","2011","ag","0","0","0","0","0"
"80001","5.64","0.00999328056736299","2011","bg","0","0","0","0","0"
"80001","5.64","0.00999328056736299","2011","total","0","0","0","0","0"
"80001","12.62","0.0500343869018386","2011","ag","0","0","0","0","0"
"80001","12.62","0.0500343869018386","2011","bg","0","0","0","0","0"
"80001","12.62","0.0500343869018386","2011","total","0","0","0","0","0"
"80001","17.84","0.0999860870850348","2011","ag","0","0","0","0","0"
"80001","17.84","0.0999860870850348","2011","bg","0","0","0","0","0"
"80001","17.84","0.0999860870850348","2011","total","0","0","0","0","0"
"80008","17.84","0.0999860870850348","2011","ag","0","0","0","0","0"
"80008","17.84","0.0999860870850348","2011","bg","0","0","0","0","0"
"80008","17.84","0.0999860870850348","2011","total","0","0","0","0","0"
"80012","12.62","0.0500343869018386","2011","ag","0","0","0","0","0"
"80012","12.62","0.0500343869018386","2011","bg","0","0","0","0","0"
"80012","12.62","0.0500343869018386","2011","total","0","0","0","0","0"
"80012","17.84","0.0999860870850348","2011","ag","0","0","0","0","0"
"80012","17.84","0.0999860870850348","2011","bg","0","0","0","0","0"
"80012","17.84","0.0999860870850348","2011","total","0","0","0","0","0"
"80017","17.84","0.0999860870850348","2012","ag","0","0","0","0","0"
"80017","17.84","0.0999860870850348","2012","bg","0","0","0","0","0"
"80017","17.84","0.0999860870850348","2012","total","0","0","0","0","0"
"80018","17.84","0.0999860870850348","2012","ag","0","0","0","0","0"
"80018","17.84","0.0999860870850348","2012","bg","0","0","0","0","0"
"80018","17.84","0.0999860870850348","2012","total","0","0","0","0","0"
"80021","17.84","0.0999860870850348","2011","ag","0","0","0","0","0"
"80021","17.84","0.0999860870850348","2011","bg","0","0","0","0","0"
"80021","17.84","0.0999860870850348","2011","total","0","0","0","0","0"
"80029","17.84","0.0999860870850348","2012","ag","0","0","0","0","0"
"80029","17.84","0.0999860870850348","2012","bg","0","0","0","0","0"
"80029","17.84","0.0999860870850348","2012","total","0","0","0","0","0"
"80037","12.62","0.0500343869018386","2011","ag","0","0","0","0","0"
"80037","12.62","0.0500343869018386","2011","bg","0","0","0","0","0"
"80037","12.62","0.0500343869018386","2011","total","0","0","0","0","0"
"80037","17.84","0.0999860870850348","2011","ag","0","0","0","0","0"
"80037","17.84","0.0999860870850348","2011","bg","0","0","0","0","0"
"80037","17.84","0.0999860870850348","2011","total","0","0","0","0","0"
"80041","17.84","0.0999860870850348","2012","ag","0","0","0","0","0"
"80041","17.84","0.0999860870850348","2012","bg","0","0","0","0","0"
"80041","17.84","0.0999860870850348","2012","total","0","0","0","0","0"
"80043","17.84","0.0999860870850348","2011","ag","0","0","0","0","0"
"80043","17.84","0.0999860870850348","2011","bg","0","0","0","0","0"
"80043","17.84","0.0999860870850348","2011","total","0","0","0","0","0"
"80051","12.62","0.0500343869018386","2011","ag","0","0","0","0","0"
"80051","12.62","0.0500343869018386","2011","bg","0","0","0","0","0"
"80051","12.62","0.0500343869018386","2011","total","0","0","0","0","0"
"80051","17.84","0.0999860870850348","2011","ag","0","0","0","0","0"
"80051","17.84","0.0999860870850348","2011","bg","0","0","0","0","0"
"80051","17.84","0.0999860870850348","2011","total","0","0","0","0","0"
"80061","17.84","0.0999860870850348","2011","ag","0","0","0","0","0"
"80061","17.84","0.0999860870850348","2011","bg","0","0","0","0","0"
"80061","17.84","0.0999860870850348","2011","total","0","0","0","0","0"
"80068","17.84","0.0999860870850348","2012","ag","0","0","0","0","0"
"80068","17.84","0.0999860870850348","2012","bg","0","0","0","0","0"
"80068","17.84","0.0999860870850348","2012","total","0","0","0","0","0"
"80098","17.84","0.0999860870850348","2011","ag","0","0","0","0","0"
"80098","17.84","0.0999860870850348","2011","bg","0","0","0","0","0"
"80098","17.84","0.0999860870850348","2011","total","0","0","0","0","0"
"80101","17.84","0.0999860870850348","2011","ag","0","0","0","0","0"
"80101","17.84","0.0999860870850348","2011","bg","0","0","0","0","0"
"80101","17.84","0.0999860870850348","2011","total","0","0","0","0","0"
"80106","17.84","0.0999860870850348","2012","ag","0","0","0","0","0"
"80106","17.84","0.0999860870850348","2012","bg","0","0","0","0","0"
"80106","17.84","0.0999860870850348","2012","total","0","0","0","0","0"
"80108","17.84","0.0999860870850348","2012","ag","0","0","0","0","0"
"80108","17.84","0.0999860870850348","2012","bg","0","0","0","0","0"
"80108","17.84","0.0999860870850348","2012","total","0","0","0","0","0"
"80114","5.64","0.00999328056736299","2012","ag","0","0","0","0","0"
"80114","5.64","0.00999328056736299","2012","bg","0","0","0","0","0"
"80114","5.64","0.00999328056736299","2012","total","0","0","0","0","0"
"80114","12.62","0.0500343869018386","2012","ag","0","0","0","0","0"
"80114","12.62","0.0500343869018386","2012","bg","0","0","0","0","0"
"80114","12.62","0.0500343869018386","2012","total","0","0","0","0","0"
"80117","17.84","0.0999860870850348","2012","ag","0","0","0","0","0"
"80117","17.84","0.0999860870850348","2012","bg","0","0","0","0","0"
"80117","17.84","0.0999860870850348","2012","total","0","0","0","0","0"
"80118","12.62","0.0500343869018386","2012","ag","0","0","0","0","0"
"80118","12.62","0.0500343869018386","2012","bg","0","0","0","0","0"
"80118","12.62","0.0500343869018386","2012","total","0","0","0","0","0"
"80130","12.62","0.0500343869018386","2012","ag","0","0","0","0","0"
"80130","12.62","0.0500343869018386","2012","bg","0","0","0","0","0"
"80130","12.62","0.0500343869018386","2012","total","0","0","0","0","0"
"80130","17.84","0.0999860870850348","2012","ag","0","0","0","0","0"
"80130","17.84","0.0999860870850348","2012","bg","0","0","0","0","0"
"80130","17.84","0.0999860870850348","2012","total","0","0","0","0","0"
"80132","5.64","0.00999328056736299","2011","ag","0","0","0","0","0"
"80132","5.64","0.00999328056736299","2011","bg","0","0","0","0","0"
"80132","5.64","0.00999328056736299","2011","total","0","0","0","0","0"
"80132","12.62","0.0500343869018386","2011","ag","0","0","0","0","0"
"80132","12.62","0.0500343869018386","2011","bg","0","0","0","0","0"
"80132","12.62","0.0500343869018386","2011","total","0","0","0","0","0"
"80132","17.84","0.0999860870850348","2011","ag","0","0","0","0","0"
"80132","17.84","0.0999860870850348","2011","bg","0","0","0","0","0"
"80132","17.84","0.0999860870850348","2011","total","0","0","0","0","0"
"80137","17.84","0.0999860870850348","2012","ag","0","0","0","0","0"
"80137","17.84","0.0999860870850348","2012","bg","0","0","0","0","0"
"80137","17.84","0.0999860870850348","2012","total","0","0","0","0","0"
"80139","5.64","0.00999328056736299","2012","ag","0","0","0","0","0"
"80139","5.64","0.00999328056736299","2012","bg","0","0","0","0","0"
"80139","5.64","0.00999328056736299","2012","total","0","0","0","0","0"
"80139","12.62","0.0500343869018386","2012","ag","0","0","0","0","0"
"80139","12.62","0.0500343869018386","2012","bg","0","0","0","0","0"
"80139","12.62","0.0500343869018386","2012","total","0","0","0","0","0"
"80139","17.84","0.0999860870850348","2012","ag","0","0","0","0","0"
"80139","17.84","0.0999860870850348","2012","bg","0","0","0","0","0"
"80139","17.84","0.0999860870850348","2012","total","0","0","0","0","0"
"80141","5.64","0.00999328056736299","2012","ag","0","0","0","0","0"
"80141","5.64","0.00999328056736299","2012","bg","0","0","0","0","0"
"80141","5.64","0.00999328056736299","2012","total","0","0","0","0","0"
"80141","17.84","0.0999860870850348","2012","ag","0","0","0","0","0"
"80141","17.84","0.0999860870850348","2012","bg","0","0","0","0","0"
"80141","17.84","0.0999860870850348","2012","total","0","0","0","0","0"
"80142","12.62","0.0500343869018386","2012","ag","0","0","0","0","0"
"80142","12.62","0.0500343869018386","2012","bg","0","0","0","0","0"
"80142","12.62","0.0500343869018386","2012","total","0","0","0","0","0"
"80142","17.84","0.0999860870850348","2012","ag","0","0","0","0","0"
"80142","17.84","0.0999860870850348","2012","bg","0","0","0","0","0"
"80142","17.84","0.0999860870850348","2012","total","0","0","0","0","0"
"80156","17.84","0.0999860870850348","2012","ag","0","0","0","0","0"
"80156","17.84","0.0999860870850348","2012","bg","0","0","0","0","0"
"80156","17.84","0.0999860870850348","2012","total","0","0","0","0","0"
"80157","17.84","0.0999860870850348","2012","ag","0","0","0","0","0"
"80157","17.84","0.0999860870850348","2012","bg","0","0","0","0","0"
"80157","17.84","0.0999860870850348","2012","total","0","0","0","0","0"
"80162","17.84","0.0999860870850348","2012","ag","0","0","0","0","0"
"80162","17.84","0.0999860870850348","2012","bg","0","0","0","0","0"
"80162","17.84","0.0999860870850348","2012","total","0","0","0","0","0"
"80164","5.64","0.00999328056736299","2012","ag","0","0","0","0","0"
"80164","5.64","0.00999328056736299","2012","bg","0","0","0","0","0"
"80164","5.64","0.00999328056736299","2012","total","0","0","0","0","0"
"80164","12.62","0.0500343869018386","2012","ag","0","0","0","0","0"
"80164","12.62","0.0500343869018386","2012","bg","0","0","0","0","0"
"80164","12.62","0.0500343869018386","2012","total","0","0","0","0","0"
"80164","17.84","0.0999860870850348","2012","ag","0","0","0","0","0"
"80164","17.84","0.0999860870850348","2012","bg","0","0","0","0","0"
"80164","17.84","0.0999860870850348","2012","total","0","0","0","0","0"
"80165","17.84","0.0999860870850348","2012","ag","0","0","0","0","0"
"80165","17.84","0.0999860870850348","2012","bg","0","0","0","0","0"
"80165","17.84","0.0999860870850348","2012","total","0","0","0","0","0"
"80168","17.84","0.0999860870850348","2012","ag","0","0","0","0","0"
"80168","17.84","0.0999860870850348","2012","bg","0","0","0","0","0"
"80168","17.84","0.0999860870850348","2012","total","0","0","0","0","0"
"80170","17.84","0.0999860870850348","2012","ag","0","0","0","0","0"
"80170","17.84","0.0999860870850348","2012","bg","0","0","0","0","0"
"80170","17.84","0.0999860870850348","2012","total","0","0","0","0","0"
"80175","17.84","0.0999860870850348","2011","ag","0","0","0","0","0"
"80175","17.84","0.0999860870850348","2011","bg","0","0","0","0","0"
"80175","17.84","0.0999860870850348","2011","total","0","0","0","0","0"
"80183","17.84","0.0999860870850348","2012","ag","0","0","0","0","0"
"80183","17.84","0.0999860870850348","2012","bg","0","0","0","0","0"
"80183","17.84","0.0999860870850348","2012","total","0","0","0","0","0"
"80186","17.84","0.0999860870850348","2012","ag","0","0","0","0","0"
"80186","17.84","0.0999860870850348","2012","bg","0","0","0","0","0"
"80186","17.84","0.0999860870850348","2012","total","0","0","0","0","0"
"80194","5.64","0.00999328056736299","2012","ag","0","0","0","0","0"
"80194","5.64","0.00999328056736299","2012","bg","0","0","0","0","0"
"80194","5.64","0.00999328056736299","2012","total","0","0","0","0","0"
"80208","17.84","0.0999860870850348","2012","ag","0","0","0","0","0"
"80208","17.84","0.0999860870850348","2012","bg","0","0","0","0","0"
"80208","17.84","0.0999860870850348","2012","total","0","0","0","0","0"
"80214","5.64","0.00999328056736299","2012","ag","0","0","0","0","0"
"80214","5.64","0.00999328056736299","2012","bg","0","0","0","0","0"
"80214","5.64","0.00999328056736299","2012","total","0","0","0","0","0"
"80218","17.84","0.0999860870850348","2011","ag","0","0","0","0","0"
"80218","17.84","0.0999860870850348","2011","bg","0","0","0","0","0"
"80218","17.84","0.0999860870850348","2011","total","0","0","0","0","0"
"80221","17.84","0.0999860870850348","2011","ag","0","0","0","0","0"
"80221","17.84","0.0999860870850348","2011","bg","0","0","0","0","0"
"80221","17.84","0.0999860870850348","2011","total","0","0","0","0","0"
"80228","5.64","0.00999328056736299","2012","ag","0","0","0","0","0"
"80228","5.64","0.00999328056736299","2012","bg","0","0","0","0","0"
"80228","5.64","0.00999328056736299","2012","total","0","0","0","0","0"
"80231","17.84","0.0999860870850348","2012","ag","0","0","0","0","0"
"80231","17.84","0.0999860870850348","2012","bg","0","0","0","0","0"
"80231","17.84","0.0999860870850348","2012","total","0","0","0","0","0"
"80233","17.84","0.0999860870850348","2012","ag","0","0","0","0","0"
"80233","17.84","0.0999860870850348","2012","bg","0","0","0","0","0"
"80233","17.84","0.0999860870850348","2012","total","0","0","0","0","0"
"80248","17.84","0.0999860870850348","2012","ag","0","0","0","0","0"
"80248","17.84","0.0999860870850348","2012","bg","0","0","0","0","0"
"80248","17.84","0.0999860870850348","2012","total","0","0","0","0","0"
"80268","17.84","0.0999860870850348","2012","ag","0","0","0","0","0"
"80268","17.84","0.0999860870850348","2012","bg","0","0","0","0","0"
"80268","17.84","0.0999860870850348","2012","total","0","0","0","0","0"
"80272","17.84","0.0999860870850348","2012","ag","0","0","0","0","0"
"80272","17.84","0.0999860870850348","2012","bg","0","0","0","0","0"
"80272","17.84","0.0999860870850348","2012","total","0","0","0","0","0"
"80285","17.84","0.0999860870850348","2012","ag","0","0","0","0","0"
"80285","17.84","0.0999860870850348","2012","bg","0","0","0","0","0"
"80285","17.84","0.0999860870850348","2012","total","0","0","0","0","0"
"80286","5.64","0.00999328056736299","2012","ag","0","0","0","0","0"
"80286","5.64","0.00999328056736299","2012","bg","0","0","0","0","0"
"80286","5.64","0.00999328056736299","2012","total","0","0","0","0","0"
"80290","5.64","0.00999328056736299","2012","ag","0","0","0","0","0"
"80290","5.64","0.00999328056736299","2012","bg","0","0","0","0","0"
"80290","5.64","0.00999328056736299","2012","total","0","0","0","0","0"
"80290","17.84","0.0999860870850348","2012","ag","0","0","0","0","0"
"80290","17.84","0.0999860870850348","2012","bg","0","0","0","0","0"
"80290","17.84","0.0999860870850348","2012","total","0","0","0","0","0"
"80306","17.84","0.0999860870850348","2011","ag","0","0","0","0","0"
"80306","17.84","0.0999860870850348","2011","bg","0","0","0","0","0"
"80306","17.84","0.0999860870850348","2011","total","0","0","0","0","0"
"80308","12.62","0.0500343869018386","2011","ag","0","0","0","0","0"
"80308","12.62","0.0500343869018386","2011","bg","0","0","0","0","0"
"80308","12.62","0.0500343869018386","2011","total","0","0","0","0","0"
"80308","17.84","0.0999860870850348","2011","ag","0","0","0","0","0"
"80308","17.84","0.0999860870850348","2011","bg","0","0","0","0","0"
"80308","17.84","0.0999860870850348","2011","total","0","0","0","0","0"
"100015","17.84","0.0999860870850348","2011","ag","0","0","0","0","0"
"100015","17.84","0.0999860870850348","2011","bg","0","0","0","0","0"
"100015","17.84","0.0999860870850348","2011","total","0","0","0","0","0"
"100022","5.64","0.00999328056736299","2011","ag","0","0","0","0","0"
"100022","5.64","0.00999328056736299","2011","bg","0","0","0","0","0"
"100022","5.64","0.00999328056736299","2011","total","0","0","0","0","0"
"100047","5.64","0.00999328056736299","2011","ag","0","0","0","0","0"
"100047","5.64","0.00999328056736299","2011","bg","0","0","0","0","0"
"100047","5.64","0.00999328056736299","2011","total","0","0","0","0","0"
"100047","17.84","0.0999860870850348","2011","ag","0","0","0","0","0"
"100047","17.84","0.0999860870850348","2011","bg","0","0","0","0","0"
"100047","17.84","0.0999860870850348","2011","total","0","0","0","0","0"
"100071","17.84","0.0999860870850348","2011","ag","0","0","0","0","0"
"100071","17.84","0.0999860870850348","2011","bg","0","0","0","0","0"
"100071","17.84","0.0999860870850348","2011","total","0","0","0","0","0"
"100072","5.64","0.00999328056736299","2011","ag","0","0","0","0","0"
"100072","5.64","0.00999328056736299","2011","bg","0","0","0","0","0"
"100072","5.64","0.00999328056736299","2011","total","0","0","0","0","0"
"100080","5.64","0.00999328056736299","2011","ag","0","0","0","0","0"
"100080","5.64","0.00999328056736299","2011","bg","0","0","0","0","0"
"100080","5.64","0.00999328056736299","2011","total","0","0","0","0","0"
"100089","17.84","0.0999860870850348","2011","ag","0","0","0","0","0"
"100089","17.84","0.0999860870850348","2011","bg","0","0","0","0","0"
"100089","17.84","0.0999860870850348","2011","total","0","0","0","0","0"
"130029","17.84","0.0999860870850348","2012","ag","0","0","0","0","0"
"130029","17.84","0.0999860870850348","2012","bg","0","0","0","0","0"
"130029","17.84","0.0999860870850348","2012","total","0","0","0","0","0"
"130073","5.64","0.00999328056736299","2012","ag","0","0","0","0","0"
"130073","5.64","0.00999328056736299","2012","bg","0","0","0","0","0"
"130073","5.64","0.00999328056736299","2012","total","0","0","0","0","0"
"130073","12.62","0.0500343869018386","2012","ag","0","0","0","0","0"
"130073","12.62","0.0500343869018386","2012","bg","0","0","0","0","0"
"130073","12.62","0.0500343869018386","2012","total","0","0","0","0","0"
"130073","17.84","0.0999860870850348","2012","ag","0","0","0","0","0"
"130073","17.84","0.0999860870850348","2012","bg","0","0","0","0","0"
"130073","17.84","0.0999860870850348","2012","total","0","0","0","0","0"
"130074","17.84","0.0999860870850348","2012","ag","0","0","0","0","0"
"130074","17.84","0.0999860870850348","2012","bg","0","0","0","0","0"
"130074","17.84","0.0999860870850348","2012","total","0","0","0","0","0"
"130075","17.84","0.0999860870850348","2012","ag","0","0","0","0","0"
"130075","17.84","0.0999860870850348","2012","bg","0","0","0","0","0"
"130075","17.84","0.0999860870850348","2012","total","0","0","0","0","0"
"140010","17.84","0.0999860870850348","2012","ag","0","0","0","0","0"
"140010","17.84","0.0999860870850348","2012","bg","0","0","0","0","0"
"140010","17.84","0.0999860870850348","2012","total","0","0","0","0","0"
"140013","17.84","0.0999860870850348","2012","ag","0","0","0","0","0"
"140013","17.84","0.0999860870850348","2012","bg","0","0","0","0","0"
"140013","17.84","0.0999860870850348","2012","total","0","0","0","0","0"
"140014","17.84","0.0999860870850348","2012","ag","0","0","0","0","0"
"140014","17.84","0.0999860870850348","2012","bg","0","0","0","0","0"
"140014","17.84","0.0999860870850348","2012","total","0","0","0","0","0"
"140020","17.84","0.0999860870850348","2012","ag","0","0","0","0","0"
"140020","17.84","0.0999860870850348","2012","bg","0","0","0","0","0"
"140020","17.84","0.0999860870850348","2012","total","0","0","0","0","0"
"140030","17.84","0.0999860870850348","2011","ag","0","0","0","0","0"
"140030","17.84","0.0999860870850348","2011","bg","0","0","0","0","0"
"140030","17.84","0.0999860870850348","2011","total","0","0","0","0","0"
"140048","5.64","0.00999328056736299","2011","ag","0","0","0","0","0"
"140048","5.64","0.00999328056736299","2011","bg","0","0","0","0","0"
"140048","5.64","0.00999328056736299","2011","total","0","0","0","0","0"
"140050","17.84","0.0999860870850348","2011","ag","0","0","0","0","0"
"140050","17.84","0.0999860870850348","2011","bg","0","0","0","0","0"
"140050","17.84","0.0999860870850348","2011","total","0","0","0","0","0"
"140064","17.84","0.0999860870850348","2012","ag","0","0","0","0","0"
"140064","17.84","0.0999860870850348","2012","bg","0","0","0","0","0"
"140064","17.84","0.0999860870850348","2012","total","0","0","0","0","0"
"140065","17.84","0.0999860870850348","2012","ag","0","0","0","0","0"
"140065","17.84","0.0999860870850348","2012","bg","0","0","0","0","0"
"140065","17.84","0.0999860870850348","2012","total","0","0","0","0","0"
"150000","17.84","0.0999860870850348","2012","ag","0","0","0","0","0"
"150000","17.84","0.0999860870850348","2012","bg","0","0","0","0","0"
"150000","17.84","0.0999860870850348","2012","total","0","0","0","0","0"
"150004","17.84","0.0999860870850348","2011","ag","0","0","0","0","0"
"150004","17.84","0.0999860870850348","2011","bg","0","0","0","0","0"
"150004","17.84","0.0999860870850348","2011","total","0","0","0","0","0"
"150006","5.64","0.00999328056736299","2011","ag","0","0","0","0","0"
"150006","5.64","0.00999328056736299","2011","bg","0","0","0","0","0"
"150006","5.64","0.00999328056736299","2011","total","0","0","0","0","0"
"150006","12.62","0.0500343869018386","2011","ag","0","0","0","0","0"
"150006","12.62","0.0500343869018386","2011","bg","0","0","0","0","0"
"150006","12.62","0.0500343869018386","2011","total","0","0","0","0","0"
"150006","17.84","0.0999860870850348","2011","ag","0","0","0","0","0"
"150006","17.84","0.0999860870850348","2011","bg","0","0","0","0","0"
"150006","17.84","0.0999860870850348","2011","total","0","0","0","0","0"
"150012","17.84","0.0999860870850348","2011","ag","0","0","0","0","0"
"150012","17.84","0.0999860870850348","2011","bg","0","0","0","0","0"
"150012","17.84","0.0999860870850348","2011","total","0","0","0","0","0"
"150049","17.84","0.0999860870850348","2012","ag","0","0","0","0","0"
"150049","17.84","0.0999860870850348","2012","bg","0","0","0","0","0"
"150049","17.84","0.0999860870850348","2012","total","0","0","0","0","0"
"150052","17.84","0.0999860870850348","2011","ag","0","0","0","0","0"
"150052","17.84","0.0999860870850348","2011","bg","0","0","0","0","0"
"150052","17.84","0.0999860870850348","2011","total","0","0","0","0","0"
"150061","17.84","0.0999860870850348","2012","ag","0","0","0","0","0"
"150061","17.84","0.0999860870850348","2012","bg","0","0","0","0","0"
"150061","17.84","0.0999860870850348","2012","total","0","0","0","0","0"
"150068","17.84","0.0999860870850348","2011","ag","0","0","0","0","0"
"150068","17.84","0.0999860870850348","2011","bg","0","0","0","0","0"
"150068","17.84","0.0999860870850348","2011","total","0","0","0","0","0"
"150071","17.84","0.0999860870850348","2011","ag","0","0","0","0","0"
"150071","17.84","0.0999860870850348","2011","bg","0","0","0","0","0"
"150071","17.84","0.0999860870850348","2011","total","0","0","0","0","0"
"150502","12.62","0.0500343869018386","2012","ag","0","0","0","0","0"
"150502","12.62","0.0500343869018386","2012","bg","0","0","0","0","0"
"150502","12.62","0.0500343869018386","2012","total","0","0","0","0","0"
"150502","17.84","0.0999860870850348","2012","ag","0","0","0","0","0"
"150502","17.84","0.0999860870850348","2012","bg","0","0","0","0","0"
"150502","17.84","0.0999860870850348","2012","total","0","0","0","0","0"
"150507","17.84","0.0999860870850348","2012","ag","0","0","0","0","0"
"150507","17.84","0.0999860870850348","2012","bg","0","0","0","0","0"
"150507","17.84","0.0999860870850348","2012","total","0","0","0","0","0"
"150510","17.84","0.0999860870850348","2011","ag","0","0","0","0","0"
"150510","17.84","0.0999860870850348","2011","bg","0","0","0","0","0"
"150510","17.84","0.0999860870850348","2011","total","0","0","0","0","0"
"160035","17.84","0.0999860870850348","2011","ag","0","0","0","0","0"
"160035","17.84","0.0999860870850348","2011","bg","0","0","0","0","0"
"160035","17.84","0.0999860870850348","2011","total","0","0","0","0","0"
"160043","17.84","0.0999860870850348","2011","ag","0","0","0","0","0"
"160043","17.84","0.0999860870850348","2011","bg","0","0","0","0","0"
"160043","17.84","0.0999860870850348","2011","total","0","0","0","0","0"
"160057","17.84","0.0999860870850348","2011","ag","0","0","0","0","0"
"160057","17.84","0.0999860870850348","2011","bg","0","0","0","0","0"
"160057","17.84","0.0999860870850348","2011","total","0","0","0","0","0"
"160059","5.64","0.00999328056736299","2012","ag","0","0","0","0","0"
"160059","5.64","0.00999328056736299","2012","bg","0","0","0","0","0"
"160059","5.64","0.00999328056736299","2012","total","0","0","0","0","0"
"160059","17.84","0.0999860870850348","2012","ag","0","0","0","0","0"
"160059","17.84","0.0999860870850348","2012","bg","0","0","0","0","0"
"160059","17.84","0.0999860870850348","2012","total","0","0","0","0","0"
"160069","17.84","0.0999860870850348","2011","ag","0","0","0","0","0"
"160069","17.84","0.0999860870850348","2011","bg","0","0","0","0","0"
"160069","17.84","0.0999860870850348","2011","total","0","0","0","0","0"
"160073","17.84","0.0999860870850348","2011","ag","0","0","0","0","0"
"160073","17.84","0.0999860870850348","2011","bg","0","0","0","0","0"
"160073","17.84","0.0999860870850348","2011","total","0","0","0","0","0"
"160074","17.84","0.0999860870850348","2011","ag","0","0","0","0","0"
"160074","17.84","0.0999860870850348","2011","bg","0","0","0","0","0"
"160074","17.84","0.0999860870850348","2011","total","0","0","0","0","0"
"160083","17.84","0.0999860870850348","2011","ag","0","0","0","0","0"
"160083","17.84","0.0999860870850348","2011","bg","0","0","0","0","0"
"160083","17.84","0.0999860870850348","2011","total","0","0","0","0","0"
"160088","17.84","0.0999860870850348","2011","ag","0","0","0","0","0"
"160088","17.84","0.0999860870850348","2011","bg","0","0","0","0","0"
"160088","17.84","0.0999860870850348","2011","total","0","0","0","0","0"
"160092","17.84","0.0999860870850348","2011","ag","0","0","0","0","0"
"160092","17.84","0.0999860870850348","2011","bg","0","0","0","0","0"
"160092","17.84","0.0999860870850348","2011","total","0","0","0","0","0"
"160097","17.84","0.0999860870850348","2012","ag","0","0","0","0","0"
"160097","17.84","0.0999860870850348","2012","bg","0","0","0","0","0"
"160097","17.84","0.0999860870850348","2012","total","0","0","0","0","0"
