"plot_ID","CCS_DW_inv_status","dist_cm","azi","inv_year","inv","plot_A_ha"
80265,1,-9,-9,2012,"HBI",0.0500343869018386
150004,1,-9,-9,2011,"HBI",0.0500343869018386
80247,1,-9,-9,2011,"HBI",0.0500343869018386
70163,1,-9,-9,2012,"HBI",0.0500343869018386
100003,1,-9,-9,2011,"HBI",0.0500343869018386
80234,1,-9,-9,2012,"HBI",0.0500343869018386
60114,1,-9,-9,2012,"HBI",0.0500343869018386
140031,1,-9,-9,2011,"HBI",0.0500343869018386
80157,1,-9,-9,2012,"HBI",0.0500343869018386
80107,1,-9,-9,2011,"HBI",0.0500343869018386
160092,1,-9,-9,2011,"HBI",0.0500343869018386
140042,1,-9,-9,2011,"HBI",0.0500343869018386
50039,1,-9,-9,2011,"HBI",0.0500343869018386
30019,1,-9,-9,2011,"HBI",0.0500343869018386
30179,1,-9,-9,2011,"HBI",0.0500343869018386
50027,1,-9,-9,2011,"HBI",0.0500343869018386
30165,1,-9,-9,2011,"HBI",0.0500343869018386
80133,1,-9,-9,2012,"HBI",0.0500343869018386
50095,1,-9,-9,2012,"HBI",0.0500343869018386
50096,1,-9,-9,2012,"HBI",0.0500343869018386
120182,1,-9,-9,2011,"HBI",0.0500343869018386
60017,1,-9,-9,2012,"HBI",0.0500343869018386
80094,1,-9,-9,2011,"HBI",0.0500343869018386
60066,1,-9,-9,2011,"HBI",0.0500343869018386
100088,1,-9,-9,2011,"HBI",0.0500343869018386
30119,1,-9,-9,2011,"HBI",0.0500343869018386
160041,1,-9,-9,2011,"HBI",0.0500343869018386
70118,1,-9,-9,2012,"HBI",0.0500343869018386
130044,1,-9,-9,2012,"HBI",0.0500343869018386
50044,1,-9,-9,2011,"HBI",0.0500343869018386
60069,1,-9,-9,2011,"HBI",0.0500343869018386
30089,1,-9,-9,2011,"HBI",0.0500343869018386
60032,1,-9,-9,2011,"HBI",0.0500343869018386
30150,1,-9,-9,2011,"HBI",0.0500343869018386
140068,1,-9,-9,2012,"HBI",0.0500343869018386
120033,1,-9,-9,2011,"HBI",0.0500343869018386
80069,1,-9,-9,2012,"HBI",0.0500343869018386
70014,1,-9,-9,2012,"HBI",0.0500343869018386
70004,1,-9,-9,2012,"HBI",0.0500343869018386
140062,1,-9,-9,2012,"HBI",0.0500343869018386
80066,1,-9,-9,2011,"HBI",0.0500343869018386
80032,1,-9,-9,2011,"HBI",0.0500343869018386
50079,1,-9,-9,2012,"HBI",0.0500343869018386
80185,1,-9,-9,2012,"HBI",0.0500343869018386
120181,1,-9,-9,2012,"HBI",0.0500343869018386
60086,1,-9,-9,2011,"HBI",0.0500343869018386
50018,1,-9,-9,2012,"HBI",0.0500343869018386
70074,1,-9,-9,2012,"HBI",0.0500343869018386
120025,1,-9,-9,2011,"HBI",0.0500343869018386
80022,1,-9,-9,2011,"HBI",0.0500343869018386
30624,1,-9,-9,2011,"HBI",0.0500343869018386
140043,1,-9,-9,2011,"HBI",0.0500343869018386
70053,1,-9,-9,2012,"HBI",0.0500343869018386
150502,1,-9,-9,2012,"HBI",0.0500343869018386
150021,1,-9,-9,2012,"HBI",0.0500343869018386
70099,1,-9,-9,2012,"HBI",0.0500343869018386
150025,1,-9,-9,2012,"HBI",0.0500343869018386
60067,1,-9,-9,2011,"HBI",0.0500343869018386
70024,1,-9,-9,2012,"HBI",0.0500343869018386
100020,1,-9,-9,2011,"HBI",0.0500343869018386
30022,1,-9,-9,2011,"HBI",0.0500343869018386
70161,1,-9,-9,2012,"HBI",0.0500343869018386
150009,1,-9,-9,2011,"HBI",0.0500343869018386
70080,1,-9,-9,2012,"HBI",0.0500343869018386
70093,1,-9,-9,2012,"HBI",0.0500343869018386
120084,1,-9,-9,2011,"HBI",0.0500343869018386
100089,1,-9,-9,2011,"HBI",0.0500343869018386
130022,1,-9,-9,2012,"HBI",0.0500343869018386
100040,1,-9,-9,2011,"HBI",0.0500343869018386
120085,1,-9,-9,2011,"HBI",0.0500343869018386
70131,1,-9,-9,2012,"HBI",0.0500343869018386
100056,1,-9,-9,2011,"HBI",0.0500343869018386
70106,1,-9,-9,2012,"HBI",0.0500343869018386
120159,1,-9,-9,2012,"HBI",0.0500343869018386
80248,1,-9,-9,2012,"HBI",0.0500343869018386
30129,1,-9,-9,2011,"HBI",0.0500343869018386
60027,1,-9,-9,2011,"HBI",0.0500343869018386
80026,1,-9,-9,2012,"HBI",0.0500343869018386
10020,1,-9,-9,2012,"HBI",0.0500343869018386
150037,1,-9,-9,2012,"HBI",0.0500343869018386
160032,1,-9,-9,2012,"HBI",0.0500343869018386
140003,1,-9,-9,2012,"HBI",0.0500343869018386
80028,1,-9,-9,2012,"HBI",0.0500343869018386
70006,1,-9,-9,2012,"HBI",0.0500343869018386
100013,1,-9,-9,2011,"HBI",0.0500343869018386
160011,1,-9,-9,2012,"HBI",0.0500343869018386
60078,1,-9,-9,2011,"HBI",0.0500343869018386
120020,1,-9,-9,2011,"HBI",0.0500343869018386
80097,1,-9,-9,2011,"HBI",0.0500343869018386
60128,1,-9,-9,2012,"HBI",0.0500343869018386
160043,1,-9,-9,2011,"HBI",0.0500343869018386
130076,1,-9,-9,2012,"HBI",0.0500343869018386
70033,1,-9,-9,2012,"HBI",0.0500343869018386
70138,1,-9,-9,2012,"HBI",0.0500343869018386
60094,1,-9,-9,2011,"HBI",0.0500343869018386
70130,1,-9,-9,2012,"HBI",0.0500343869018386
10028,1,-9,-9,2012,"HBI",0.0500343869018386
30131,1,-9,-9,2011,"HBI",0.0500343869018386
140060,1,-9,-9,2012,"HBI",0.0500343869018386
80045,1,-9,-9,2011,"HBI",0.0500343869018386
50076,1,-9,-9,2011,"HBI",0.0500343869018386
10012,1,-9,-9,2012,"HBI",0.0500343869018386
50065,1,-9,-9,2012,"HBI",0.0500343869018386
30110,1,-9,-9,2011,"HBI",0.0500343869018386
130037,1,-9,-9,2012,"HBI",0.0500343869018386
160060,1,-9,-9,2012,"HBI",0.0500343869018386
30623,1,-9,-9,2011,"HBI",0.0500343869018386
60056,1,-9,-9,2012,"HBI",0.0500343869018386
80272,1,-9,-9,2012,"HBI",0.0500343869018386
30635,1,-9,-9,2011,"HBI",0.0500343869018386
50042,1,-9,-9,2011,"HBI",0.0500343869018386
60020,1,-9,-9,2012,"HBI",0.0500343869018386
70044,1,-9,-9,2012,"HBI",0.0500343869018386
70159,1,-9,-9,2012,"HBI",0.0500343869018386
160078,1,-9,-9,2011,"HBI",0.0500343869018386
120099,1,-9,-9,2012,"HBI",0.0500343869018386
150011,1,-9,-9,2012,"HBI",0.0500343869018386
160067,1,-9,-9,2011,"HBI",0.0500343869018386
160061,1,-9,-9,2011,"HBI",0.0500343869018386
70089,1,-9,-9,2012,"HBI",0.0500343869018386
100018,1,-9,-9,2011,"HBI",0.0500343869018386
140004,1,-9,-9,2011,"HBI",0.0500343869018386
160090,1,-9,-9,2011,"HBI",0.0500343869018386
120029,1,-9,-9,2011,"HBI",0.0500343869018386
150507,1,-9,-9,2012,"HBI",0.0500343869018386
150032,1,-9,-9,2011,"HBI",0.0500343869018386
50064,1,-9,-9,2011,"HBI",0.0500343869018386
100055,1,-9,-9,2011,"HBI",0.0500343869018386
60057,1,-9,-9,2012,"HBI",0.0500343869018386
140037,1,-9,-9,2011,"HBI",0.0500343869018386
120188,1,-9,-9,2012,"HBI",0.0500343869018386
150047,1,-9,-9,2012,"HBI",0.0500343869018386
80062,1,-9,-9,2011,"HBI",0.0500343869018386
80258,1,-9,-9,2011,"HBI",0.0500343869018386
130082,1,-9,-9,2012,"HBI",0.0500343869018386
120074,1,-9,-9,2011,"HBI",0.0500343869018386
160087,1,-9,-9,2011,"HBI",0.0500343869018386
120125,1,-9,-9,2011,"HBI",0.0500343869018386
60031,1,-9,-9,2011,"HBI",0.0500343869018386
100016,1,-9,-9,2011,"HBI",0.0500343869018386
140028,1,-9,-9,2011,"HBI",0.0500343869018386
120104,1,-9,-9,2011,"HBI",0.0500343869018386
60085,1,-9,-9,2011,"HBI",0.0500343869018386
140057,1,-9,-9,2011,"HBI",0.0500343869018386
140175,1,-9,-9,2011,"HBI",0.0500343869018386
70140,1,-9,-9,2012,"HBI",0.0500343869018386
40004,1,-9,-9,2011,"HBI",0.0500343869018386
150068,1,-9,-9,2011,"HBI",0.0500343869018386
80086,1,-9,-9,2011,"HBI",0.0500343869018386
30055,1,-9,-9,2011,"HBI",0.0500343869018386
10015,1,-9,-9,2012,"HBI",0.0500343869018386
120054,1,-9,-9,2011,"HBI",0.0500343869018386
30639,1,-9,-9,2011,"HBI",0.0500343869018386
70139,1,-9,-9,2012,"HBI",0.0500343869018386
150043,1,-9,-9,2011,"HBI",0.0500343869018386
80010,1,-9,-9,2112,"BZE5",0.0500343869018386
160098,1,-9,-9,2011,"HBI",0.0500343869018386
160083,1,-9,-9,2011,"HBI",0.0500343869018386
140021,1,-9,-9,2011,"HBI",0.0500343869018386
80115,1,-9,-9,2011,"HBI",0.0500343869018386
140089,1,-9,-9,2012,"HBI",0.0500343869018386
70028,1,-9,-9,2012,"HBI",0.0500343869018386
60022,1,-9,-9,2012,"HBI",0.0500343869018386
80105,1,-9,-9,2011,"HBI",0.0500343869018386
140051,1,-9,-9,2011,"HBI",0.0500343869018386
70100,1,-9,-9,2011,"HBI",0.0500343869018386
70116,1,-9,-9,2012,"HBI",0.0500343869018386
150013,1,-9,-9,2011,"HBI",0.0500343869018386
120043,1,-9,-9,2012,"HBI",0.0500343869018386
80006,1,-9,-9,2012,"HBI",0.0500343869018386
100082,1,-9,-9,2011,"HBI",0.0500343869018386
160065,1,-9,-9,2011,"HBI",0.0500343869018386
80262,1,-9,-9,2011,"HBI",0.0500343869018386
80048,1,-9,-9,2012,"HBI",0.0500343869018386
80008,1,-9,-9,2011,"HBI",0.0500343869018386
120091,1,-9,-9,2011,"HBI",0.0500343869018386
80270,1,-9,-9,2012,"HBI",0.0500343869018386
160068,1,-9,-9,2011,"HBI",0.0500343869018386
140022,1,-9,-9,2011,"HBI",0.0500343869018386
80246,1,-9,-9,2011,"HBI",0.0500343869018386
60033,1,-9,-9,2011,"HBI",0.0500343869018386
60018,1,-9,-9,2011,"HBI",0.0500343869018386
60098,1,-9,-9,2011,"HBI",0.0500343869018386
80202,1,-9,-9,2011,"HBI",0.0500343869018386
130077,1,-9,-9,2012,"HBI",0.0500343869018386
50093,1,-9,-9,2011,"HBI",0.0500343869018386
100072,1,-9,-9,2011,"HBI",0.0500343869018386
30063,1,-9,-9,2011,"HBI",0.0500343869018386
80160,1,-9,-9,2012,"HBI",0.0500343869018386
70121,1,-9,-9,2012,"HBI",0.0500343869018386
120088,1,-9,-9,2011,"HBI",0.0500343869018386
80171,1,-9,-9,2012,"HBI",0.0500343869018386
80201,1,-9,-9,2011,"HBI",0.0500343869018386
160074,1,-9,-9,2011,"HBI",0.0500343869018386
80180,1,-9,-9,2011,"HBI",0.0500343869018386
10032,1,-9,-9,2012,"HBI",0.0500343869018386
80196,1,-9,-9,2011,"HBI",0.0500343869018386
30510,1,-9,-9,2011,"HBI",0.0500343869018386
70020,1,-9,-9,2012,"HBI",0.0500343869018386
50115,1,-9,-9,2011,"HBI",0.0500343869018386
80011,1,-9,-9,2011,"HBI",0.0500343869018386
80207,1,-9,-9,2011,"HBI",0.0500343869018386
30638,1,-9,-9,2011,"HBI",0.0500343869018386
50010,1,-9,-9,2012,"HBI",0.0500343869018386
140040,1,-9,-9,2011,"HBI",0.0500343869018386
100002,1,-9,-9,2011,"HBI",0.0500343869018386
50032,1,-9,-9,2012,"HBI",0.0500343869018386
140027,1,-9,-9,2011,"HBI",0.0500343869018386
160010,1,-9,-9,2012,"HBI",0.0500343869018386
130023,1,-9,-9,2012,"HBI",0.0500343869018386
60037,1,-9,-9,2011,"HBI",0.0500343869018386
30094,1,-9,-9,2011,"HBI",0.0500343869018386
70003,1,-9,-9,2012,"HBI",0.0500343869018386
160072,1,-9,-9,2011,"HBI",0.0500343869018386
150030,1,-9,-9,2012,"HBI",0.0500343869018386
60126,1,-9,-9,2012,"HBI",0.0500343869018386
160017,1,-9,-9,2011,"HBI",0.0500343869018386
120153,1,-9,-9,2012,"HBI",0.0500343869018386
30502,1,-9,-9,2011,"HBI",0.0500343869018386
120014,1,-9,-9,2011,"HBI",0.0500343869018386
80155,1,-9,-9,2012,"HBI",0.0500343869018386
130064,1,-9,-9,2012,"HBI",0.0500343869018386
60099,1,-9,-9,2011,"HBI",0.0500343869018386
30170,1,-9,-9,2011,"HBI",0.0500343869018386
80206,1,-9,-9,2012,"HBI",0.0500343869018386
140064,1,-9,-9,2012,"HBI",0.0500343869018386
50008,1,-9,-9,2012,"HBI",0.0500343869018386
80286,1,-9,-9,2012,"HBI",0.0500343869018386
160027,1,-9,-9,2011,"HBI",0.0500343869018386
150510,2,-9,-9,2011,"HBI",0.0500343869018386
80037,1,-9,-9,2011,"HBI",0.0500343869018386
140187,1,-9,-9,2011,"HBI",0.0500343869018386
80211,1,-9,-9,2012,"HBI",0.0500343869018386
130048,1,-9,-9,2012,"HBI",0.0500343869018386
50123,1,-9,-9,2012,"HBI",0.0500343869018386
120077,1,-9,-9,2011,"HBI",0.0500343869018386
150015,1,-9,-9,2012,"HBI",0.0500343869018386
150071,1,-9,-9,2011,"HBI",0.0500343869018386
80014,1,-9,-9,2012,"HBI",0.0500343869018386
120036,1,-9,-9,2012,"HBI",0.0500343869018386
80136,1,-9,-9,2012,"HBI",0.0500343869018386
130069,1,-9,-9,2012,"HBI",0.0500343869018386
130060,1,-9,-9,2012,"HBI",0.0500343869018386
80186,1,-9,-9,2012,"HBI",0.0500343869018386
130084,1,-9,-9,2012,"HBI",0.0500343869018386
80241,1,-9,-9,2012,"HBI",0.0500343869018386
130070,1,-9,-9,2012,"HBI",0.0500343869018386
10035,1,-9,-9,2012,"HBI",0.0500343869018386
70031,1,-9,-9,2012,"HBI",0.0500343869018386
80173,1,-9,-9,2011,"HBI",0.0500343869018386
30519,1,-9,-9,2011,"HBI",0.0500343869018386
160084,1,-9,-9,2011,"HBI",0.0500343869018386
140017,1,-9,-9,2012,"HBI",0.0500343869018386
80023,1,-9,-9,2011,"HBI",0.0500343869018386
100062,1,-9,-9,2011,"HBI",0.0500343869018386
50034,1,-9,-9,2011,"HBI",0.0500343869018386
130072,1,-9,-9,2012,"HBI",0.0500343869018386
120165,1,-9,-9,2012,"HBI",0.0500343869018386
70078,1,-9,-9,2012,"HBI",0.0500343869018386
30651,1,-9,-9,2011,"HBI",0.0500343869018386
70128,1,-9,-9,2012,"HBI",0.0500343869018386
50043,1,-9,-9,2011,"HBI",0.0500343869018386
120079,1,-9,-9,2011,"HBI",0.0500343869018386
80100,1,-9,-9,2011,"HBI",0.0500343869018386
130026,1,-9,-9,2012,"HBI",0.0500343869018386
60044,1,-9,-9,2011,"HBI",0.0500343869018386
80031,1,-9,-9,2011,"HBI",0.0500343869018386
50049,1,-9,-9,2012,"HBI",0.0500343869018386
120034,1,-9,-9,2012,"HBI",0.0500343869018386
130013,1,-9,-9,2012,"HBI",0.0500343869018386
50119,1,-9,-9,2011,"HBI",0.0500343869018386
60077,1,-9,-9,2011,"HBI",0.0500343869018386
160013,1,-9,-9,2012,"HBI",0.0500343869018386
160042,1,-9,-9,2011,"HBI",0.0500343869018386
70068,1,-9,-9,2012,"HBI",0.0500343869018386
100073,1,-9,-9,2011,"HBI",0.0500343869018386
80061,1,-9,-9,2011,"HBI",0.0500343869018386
50104,1,-9,-9,2012,"HBI",0.0500343869018386
150000,1,-9,-9,2012,"HBI",0.0500343869018386
100025,1,-9,-9,2011,"HBI",0.0500343869018386
80079,1,-9,-9,2012,"HBI",0.0500343869018386
30614,1,-9,-9,2011,"HBI",0.0500343869018386
150049,1,-9,-9,2012,"HBI",0.0500343869018386
140039,1,-9,-9,2011,"HBI",0.0500343869018386
120096,1,-9,-9,2012,"HBI",0.0500343869018386
80212,1,-9,-9,2012,"HBI",0.0500343869018386
160086,1,-9,-9,2011,"HBI",0.0500343869018386
120071,1,-9,-9,2011,"HBI",0.0500343869018386
150034,1,-9,-9,2012,"HBI",0.0500343869018386
120123,1,-9,-9,2012,"HBI",0.0500343869018386
130073,1,-9,-9,2012,"HBI",0.0500343869018386
10001,1,-9,-9,2012,"HBI",0.0500343869018386
60096,1,-9,-9,2011,"HBI",0.0500343869018386
50054,1,-9,-9,2012,"HBI",0.0500343869018386
60019,1,-9,-9,2011,"HBI",0.0500343869018386
70147,1,-9,-9,2012,"HBI",0.0500343869018386
10031,1,-9,-9,2012,"HBI",0.0500343869018386
120163,1,-9,-9,2011,"HBI",0.0500343869018386
10038,1,-9,-9,2012,"HBI",0.0500343869018386
60104,1,-9,-9,2012,"HBI",0.0500343869018386
60004,1,-9,-9,2012,"HBI",0.0500343869018386
30060,1,-9,-9,2011,"HBI",0.0500343869018386
30014,1,-9,-9,2011,"HBI",0.0500343869018386
30042,1,-9,-9,2011,"HBI",0.0500343869018386
80120,1,-9,-9,2012,"HBI",0.0500343869018386
50070,1,-9,-9,2011,"HBI",0.0500343869018386
160089,1,-9,-9,2011,"HBI",0.0500343869018386
150033,1,-9,-9,2011,"HBI",0.0500343869018386
60010,1,-9,-9,2011,"HBI",0.0500343869018386
30169,1,-9,-9,2011,"HBI",0.0500343869018386
80216,1,-9,-9,2011,"HBI",0.0500343869018386
50127,1,-9,-9,2011,"HBI",0.0500343869018386
50117,1,-9,-9,2012,"HBI",0.0500343869018386
70143,1,-9,-9,2012,"HBI",0.0500343869018386
160026,1,-9,-9,2011,"HBI",0.0500343869018386
70049,1,-9,-9,2012,"HBI",0.0500343869018386
70117,1,-9,-9,2012,"HBI",0.0500343869018386
50113,1,-9,-9,2011,"HBI",0.0500343869018386
120145,1,-9,-9,2012,"HBI",0.0500343869018386
130056,1,-9,-9,2012,"HBI",0.0500343869018386
30141,1,-9,-9,2011,"HBI",0.0500343869018386
70010,1,-9,-9,2012,"HBI",0.0500343869018386
70114,1,-9,-9,2012,"HBI",0.0500343869018386
160069,1,-9,-9,2011,"HBI",0.0500343869018386
70151,1,-9,-9,2012,"HBI",0.0500343869018386
120139,1,-9,-9,2012,"HBI",0.0500343869018386
30609,1,-9,-9,2011,"HBI",0.0500343869018386
130036,1,-9,-9,2012,"HBI",0.0500343869018386
50122,1,-9,-9,2012,"HBI",0.0500343869018386
50063,1,-9,-9,2011,"HBI",0.0500343869018386
120024,1,-9,-9,2011,"HBI",0.0500343869018386
60091,1,-9,-9,2011,"HBI",0.0500343869018386
80049,1,-9,-9,2012,"HBI",0.0500343869018386
80001,1,-9,-9,2011,"HBI",0.0500343869018386
70155,2,-9,-9,2012,"HBI",0.0500343869018386
60082,1,-9,-9,2012,"HBI",0.0500343869018386
120049,1,-9,-9,2011,"HBI",0.0500343869018386
30139,1,-9,-9,2011,"HBI",0.0500343869018386
80080,1,-9,-9,2011,"HBI",0.0500343869018386
80056,1,-9,-9,2012,"HBI",0.0500343869018386
150503,1,-9,-9,2012,"HBI",0.0500343869018386
80282,1,-9,-9,2012,"HBI",0.0500343869018386
120089,1,-9,-9,2011,"HBI",0.0500343869018386
60058,1,-9,-9,2012,"HBI",0.0500343869018386
80016,1,-9,-9,2012,"HBI",0.0500343869018386
50108,1,-9,-9,2011,"HBI",0.0500343869018386
120170,1,-9,-9,2012,"HBI",0.0500343869018386
50013,1,-9,-9,2011,"HBI",0.0500343869018386
70119,1,-9,-9,2012,"HBI",0.0500343869018386
80249,1,-9,-9,2012,"HBI",0.0500343869018386
120149,1,-9,-9,2012,"HBI",0.0500343869018386
150044,1,-9,-9,2011,"HBI",0.0500343869018386
50143,1,-9,-9,2011,"HBI",0.0500343869018386
80255,1,-9,-9,2011,"HBI",0.0500343869018386
30105,1,-9,-9,2011,"HBI",0.0500343869018386
70061,1,-9,-9,2012,"HBI",0.0500343869018386
120055,1,-9,-9,2011,"HBI",0.0500343869018386
120052,1,-9,-9,2011,"HBI",0.0500343869018386
80298,1,-9,-9,2011,"HBI",0.0500343869018386
120128,1,-9,-9,2011,"HBI",0.0500343869018386
120130,1,-9,-9,2012,"HBI",0.0500343869018386
80251,1,-9,-9,2011,"HBI",0.0500343869018386
130017,1,-9,-9,2012,"HBI",0.0500343869018386
140046,1,-9,-9,2011,"HBI",0.0500343869018386
120058,1,-9,-9,2012,"HBI",0.0500343869018386
30650,1,-9,-9,2011,"HBI",0.0500343869018386
100021,1,-9,-9,2011,"HBI",0.0500343869018386
70029,1,-9,-9,2012,"HBI",0.0500343869018386
10010,1,-9,-9,2012,"HBI",0.0500343869018386
30621,1,-9,-9,2011,"HBI",0.0500343869018386
70057,2,-9,-9,2012,"HBI",0.0500343869018386
70025,1,-9,-9,2012,"HBI",0.0500343869018386
50140,1,-9,-9,2011,"HBI",0.0500343869018386
80237,1,-9,-9,2012,"HBI",0.0500343869018386
30618,1,-9,-9,2011,"HBI",0.0500343869018386
140038,1,-9,-9,2011,"HBI",0.0500343869018386
30044,1,-9,-9,2011,"HBI",0.0500343869018386
100022,1,-9,-9,2011,"HBI",0.0500343869018386
30511,1,-9,-9,2011,"HBI",0.0500343869018386
60118,1,-9,-9,2012,"HBI",0.0500343869018386
10008,1,-9,-9,2012,"HBI",0.0500343869018386
80154,1,-9,-9,2012,"HBI",0.0500343869018386
80088,1,-9,-9,2011,"HBI",0.0500343869018386
60110,1,-9,-9,2012,"HBI",0.0500343869018386
70019,1,-9,-9,2012,"HBI",0.0500343869018386
80184,1,-9,-9,2012,"HBI",0.0500343869018386
70026,1,-9,-9,2012,"HBI",0.0500343869018386
150003,1,-9,-9,2011,"HBI",0.0500343869018386
100028,1,-9,-9,2011,"HBI",0.0500343869018386
50136,1,-9,-9,2011,"HBI",0.0500343869018386
50038,1,-9,-9,2011,"HBI",0.0500343869018386
120016,1,-9,-9,2011,"HBI",0.0500343869018386
140059,1,-9,-9,2012,"HBI",0.0500343869018386
120028,1,-9,-9,2011,"HBI",0.0500343869018386
140009,1,-9,-9,2012,"HBI",0.0500343869018386
70051,1,-9,-9,2012,"HBI",0.0500343869018386
50103,1,-9,-9,2012,"HBI",0.0500343869018386
120156,1,-9,-9,2012,"HBI",0.0500343869018386
60121,1,-9,-9,2012,"HBI",0.0500343869018386
70069,1,-9,-9,2012,"HBI",0.0500343869018386
80195,1,-9,-9,2011,"HBI",0.0500343869018386
60023,1,-9,-9,2012,"HBI",0.0500343869018386
50139,1,-9,-9,2011,"HBI",0.0500343869018386
60063,1,-9,-9,2011,"HBI",0.0500343869018386
30157,1,-9,-9,2011,"HBI",0.0500343869018386
80222,1,-9,-9,2011,"HBI",0.0500343869018386
150508,1,-9,-9,2012,"HBI",0.0500343869018386
160025,1,-9,-9,2011,"HBI",0.0500343869018386
130074,1,-9,-9,2012,"HBI",0.0500343869018386
10037,1,-9,-9,2012,"HBI",0.0500343869018386
150053,1,-9,-9,2011,"HBI",0.0500343869018386
100083,1,-9,-9,2011,"HBI",0.0500343869018386
150504,1,-9,-9,2012,"HBI",0.0500343869018386
160051,1,-9,-9,2011,"HBI",0.0500343869018386
80268,1,-9,-9,2012,"HBI",0.0500343869018386
30029,1,-9,-9,2011,"HBI",0.0500343869018386
160024,1,-9,-9,2012,"HBI",0.0500343869018386
30617,1,-9,-9,2011,"HBI",0.0500343869018386
60071,1,-9,-9,2011,"HBI",0.0500343869018386
80124,1,-9,-9,2011,"HBI",0.0500343869018386
80242,1,-9,-9,2012,"HBI",0.0500343869018386
80205,1,-9,-9,2012,"HBI",0.0500343869018386
50035,1,-9,-9,2011,"HBI",0.0500343869018386
50030,1,-9,-9,2011,"HBI",0.0500343869018386
120027,1,-9,-9,2012,"HBI",0.0500343869018386
120022,1,-9,-9,2011,"HBI",0.0500343869018386
150023,1,-9,-9,2011,"HBI",0.0500343869018386
80261,1,-9,-9,2011,"HBI",0.0500343869018386
160034,1,-9,-9,2011,"HBI",0.0500343869018386
50024,1,-9,-9,2011,"HBI",0.0500343869018386
120068,1,-9,-9,2011,"HBI",0.0500343869018386
30648,1,-9,-9,2011,"HBI",0.0500343869018386
160037,1,-9,-9,2011,"HBI",0.0500343869018386
120062,1,-9,-9,2012,"HBI",0.0500343869018386
50088,1,-9,-9,2012,"HBI",0.0500343869018386
50036,1,-9,-9,2011,"HBI",0.0500343869018386
30154,1,-9,-9,2011,"HBI",0.0500343869018386
80203,1,-9,-9,2012,"HBI",0.0500343869018386
120019,1,-9,-9,2012,"HBI",0.0500343869018386
160002,1,-9,-9,2012,"HBI",0.0500343869018386
80224,1,-9,-9,2011,"HBI",0.0500343869018386
80110,1,-9,-9,2012,"HBI",0.0500343869018386
70036,1,-9,-9,2012,"HBI",0.0500343869018386
80137,1,-9,-9,2012,"HBI",0.0500343869018386
80077,1,-9,-9,2012,"HBI",0.0500343869018386
160063,1,-9,-9,2011,"HBI",0.0500343869018386
120131,1,-9,-9,2012,"HBI",0.0500343869018386
80215,1,-9,-9,2012,"HBI",0.0500343869018386
160045,1,-9,-9,2011,"HBI",0.0500343869018386
80253,1,-9,-9,2012,"HBI",0.0500343869018386
50012,1,-9,-9,2011,"HBI",0.0500343869018386
80015,1,-9,-9,2012,"HBI",0.0500343869018386
120095,1,-9,-9,2011,"HBI",0.0500343869018386
150019,1,-9,-9,2012,"HBI",0.0500343869018386
80018,1,-9,-9,2012,"HBI",0.0500343869018386
70154,1,-9,-9,2012,"HBI",0.0500343869018386
130061,1,-9,-9,2012,"HBI",0.0500343869018386
80065,1,-9,-9,2011,"HBI",0.0500343869018386
30523,1,-9,-9,2011,"HBI",0.0500343869018386
140049,1,-9,-9,2011,"HBI",0.0500343869018386
30083,1,-9,-9,2011,"HBI",0.0500343869018386
160077,1,-9,-9,2011,"HBI",0.0500343869018386
80063,1,-9,-9,2011,"HBI",0.0500343869018386
30023,1,-9,-9,2011,"HBI",0.0500343869018386
70157,1,-9,-9,2012,"HBI",0.0500343869018386
50050,1,-9,-9,2012,"HBI",0.0500343869018386
60090,1,-9,-9,2011,"HBI",0.0500343869018386
30644,1,-9,-9,2011,"HBI",0.0500343869018386
80145,1,-9,-9,2012,"HBI",0.0500343869018386
30138,1,-9,-9,2011,"HBI",0.0500343869018386
50006,1,-9,-9,2011,"HBI",0.0500343869018386
30178,1,-9,-9,2011,"HBI",0.0500343869018386
70152,1,-9,-9,2012,"HBI",0.0500343869018386
60130,1,-9,-9,2012,"HBI",0.0500343869018386
10033,1,-9,-9,2012,"HBI",0.0500343869018386
140315,1,-9,-9,2012,"HBI",0.0500343869018386
30118,1,-9,-9,2011,"HBI",0.0500343869018386
70041,1,-9,-9,2012,"HBI",0.0500343869018386
70012,1,-9,-9,2012,"HBI",0.0500343869018386
100014,1,-9,-9,2011,"HBI",0.0500343869018386
30081,1,-9,-9,2011,"HBI",0.0500343869018386
150059,1,-9,-9,2012,"HBI",0.0500343869018386
80116,1,-9,-9,2012,"HBI",0.0500343869018386
80043,1,-9,-9,2011,"HBI",0.0500343869018386
70048,1,-9,-9,2012,"HBI",0.0500343869018386
80050,1,-9,-9,2012,"HBI",0.0500343869018386
60109,1,-9,-9,2012,"HBI",0.0500343869018386
150070,1,-9,-9,2011,"HBI",0.0500343869018386
80019,1,-9,-9,2011,"HBI",0.0500343869018386
50086,1,-9,-9,2011,"HBI",0.0500343869018386
130059,1,-9,-9,2012,"HBI",0.0500343869018386
80304,1,-9,-9,2012,"HBI",0.0500343869018386
160071,1,-9,-9,2012,"HBI",0.0500343869018386
30613,1,-9,-9,2011,"HBI",0.0500343869018386
60047,1,-9,-9,2012,"HBI",0.0500343869018386
80102,1,-9,-9,2011,"HBI",0.0500343869018386
60138,1,-9,-9,2012,"HBI",0.0500343869018386
30130,1,-9,-9,2011,"HBI",0.0500343869018386
70153,1,-9,-9,2012,"HBI",0.0500343869018386
60103,1,-9,-9,2011,"HBI",0.0500343869018386
10042,1,-9,-9,2012,"HBI",0.0500343869018386
80030,1,-9,-9,2012,"HBI",0.0500343869018386
140035,1,-9,-9,2011,"HBI",0.0500343869018386
160066,1,-9,-9,2011,"HBI",0.0500343869018386
120004,1,-9,-9,2012,"HBI",0.0500343869018386
80025,1,-9,-9,2012,"HBI",0.0500343869018386
30070,1,-9,-9,2011,"HBI",0.0500343869018386
70005,1,-9,-9,2012,"HBI",0.0500343869018386
30059,1,-9,-9,2011,"HBI",0.0500343869018386
70122,1,-9,-9,2012,"HBI",0.0500343869018386
50016,1,-9,-9,2012,"HBI",0.0500343869018386
30513,1,-9,-9,2011,"HBI",0.0500343869018386
80151,1,-9,-9,2011,"HBI",0.0500343869018386
160050,1,-9,-9,2011,"HBI",0.0500343869018386
50135,1,-9,-9,2012,"HBI",0.0500343869018386
150010,1,-9,-9,2011,"HBI",0.0500343869018386
60089,1,-9,-9,2011,"HBI",0.0500343869018386
80003,1,-9,-9,2011,"HBI",0.0500343869018386
130050,1,-9,-9,2012,"HBI",0.0500343869018386
160033,1,-9,-9,2011,"HBI",0.0500343869018386
80112,1,-9,-9,2012,"HBI",0.0500343869018386
10024,1,-9,-9,2012,"HBI",0.0500343869018386
60080,1,-9,-9,2011,"HBI",0.0500343869018386
100081,1,-9,-9,2011,"HBI",0.0500343869018386
50053,1,-9,-9,2012,"HBI",0.0500343869018386
60002,1,-9,-9,2011,"HBI",0.0500343869018386
30640,1,-9,-9,2011,"HBI",0.0500343869018386
60062,1,-9,-9,2011,"HBI",0.0500343869018386
80291,1,-9,-9,2011,"HBI",0.0500343869018386
70075,1,-9,-9,2012,"HBI",0.0500343869018386
160095,1,-9,-9,2011,"HBI",0.0500343869018386
150074,1,-9,-9,2012,"HBI",0.0500343869018386
50121,1,-9,-9,2011,"HBI",0.0500343869018386
80042,1,-9,-9,2011,"HBI",0.0500343869018386
160008,1,-9,-9,2012,"HBI",0.0500343869018386
130052,1,-9,-9,2012,"HBI",0.0500343869018386
50077,1,-9,-9,2011,"HBI",0.0500343869018386
30036,1,-9,-9,2011,"HBI",0.0500343869018386
120101,1,-9,-9,2011,"HBI",0.0500343869018386
150054,1,-9,-9,2011,"HBI",0.0500343869018386
140055,1,-9,-9,2011,"HBI",0.0500343869018386
80164,1,-9,-9,2012,"HBI",0.0500343869018386
120026,1,-9,-9,2012,"HBI",0.0500343869018386
150073,1,-9,-9,2011,"HBI",0.0500343869018386
10007,1,-9,-9,2012,"HBI",0.0500343869018386
70136,1,-9,-9,2012,"HBI",0.0500343869018386
60068,1,-9,-9,2012,"HBI",0.0500343869018386
120113,1,-9,-9,2011,"HBI",0.0500343869018386
30652,1,-9,-9,2011,"HBI",0.0500343869018386
80200,1,-9,-9,2011,"HBI",0.0500343869018386
50083,1,-9,-9,2011,"HBI",0.0500343869018386
50078,1,-9,-9,2011,"HBI",0.0500343869018386
30637,1,-9,-9,2011,"HBI",0.0500343869018386
70081,1,-9,-9,2012,"HBI",0.0500343869018386
150002,1,-9,-9,2011,"HBI",0.0500343869018386
120013,1,-9,-9,2011,"HBI",0.0500343869018386
160005,1,-9,-9,2012,"HBI",0.0500343869018386
30033,1,-9,-9,2011,"HBI",0.0500343869018386
130027,1,-9,-9,2012,"HBI",0.0500343869018386
160059,1,-9,-9,2012,"HBI",0.0500343869018386
80198,1,-9,-9,2012,"HBI",0.0500343869018386
150024,1,-9,-9,2011,"HBI",0.0500343869018386
50090,1,-9,-9,2011,"HBI",0.0500343869018386
60036,1,-9,-9,2011,"HBI",0.0500343869018386
30509,1,-9,-9,2011,"HBI",0.0500343869018386
70011,1,-9,-9,2012,"HBI",0.0500343869018386
120115,1,-9,-9,2012,"HBI",0.0500343869018386
30128,1,-9,-9,2011,"HBI",0.0500343869018386
150060,1,-9,-9,2012,"HBI",0.0500343869018386
80288,1,-9,-9,2012,"HBI",0.0500343869018386
80193,1,-9,-9,2011,"HBI",0.0500343869018386
50089,1,-9,-9,2012,"HBI",0.0500343869018386
70059,1,-9,-9,2012,"HBI",0.0500343869018386
50048,1,-9,-9,2012,"HBI",0.0500343869018386
160076,1,-9,-9,2011,"HBI",0.0500343869018386
120157,2,-9,-9,2011,"HBI",0.0500343869018386
60041,1,-9,-9,2011,"HBI",0.0500343869018386
60072,1,-9,-9,2011,"HBI",0.0500343869018386
60120,1,-9,-9,2012,"HBI",0.0500343869018386
150063,1,-9,-9,2012,"HBI",0.0500343869018386
80024,1,-9,-9,2011,"HBI",0.0500343869018386
120168,1,-9,-9,2011,"HBI",0.0500343869018386
160029,1,-9,-9,2011,"HBI",0.0500343869018386
120140,1,-9,-9,2012,"HBI",0.0500343869018386
140029,1,-9,-9,2011,"HBI",0.0500343869018386
160082,1,-9,-9,2011,"HBI",0.0500343869018386
120186,1,-9,-9,2012,"HBI",0.0500343869018386
70085,1,-9,-9,2012,"HBI",0.0500343869018386
80179,1,-9,-9,2011,"HBI",0.0500343869018386
140254,1,-9,-9,2012,"HBI",0.0500343869018386
50126,1,-9,-9,2011,"HBI",0.0500343869018386
60131,1,-9,-9,2012,"HBI",0.0500343869018386
70037,1,-9,-9,2012,"HBI",0.0500343869018386
120108,1,-9,-9,2012,"HBI",0.0500343869018386
30107,1,-9,-9,2011,"HBI",0.0500343869018386
50082,1,-9,-9,2011,"HBI",0.0500343869018386
120046,1,-9,-9,2012,"HBI",0.0500343869018386
80139,1,-9,-9,2012,"HBI",0.0500343869018386
50142,1,-9,-9,2011,"HBI",0.0500343869018386
140030,1,-9,-9,2011,"HBI",0.0500343869018386
70062,1,-9,-9,2012,"HBI",0.0500343869018386
60095,1,-9,-9,2011,"HBI",0.0500343869018386
80165,1,-9,-9,2012,"HBI",0.0500343869018386
160053,1,-9,-9,2011,"HBI",0.0500343869018386
30051,1,-9,-9,2011,"HBI",0.0500343869018386
150052,1,-9,-9,2011,"HBI",0.0500343869018386
80240,1,-9,-9,2012,"HBI",0.0500343869018386
80034,1,-9,-9,2011,"HBI",0.0500343869018386
80305,1,-9,-9,2012,"HBI",0.0500343869018386
140010,2,-9,-9,2012,"HBI",0.0500343869018386
80275,1,-9,-9,2012,"HBI",0.0500343869018386
150061,1,-9,-9,2012,"HBI",0.0500343869018386
30632,1,-9,-9,2011,"HBI",0.0500343869018386
80129,1,-9,-9,2012,"HBI",0.0500343869018386
120133,1,-9,-9,2012,"HBI",0.0500343869018386
70125,1,-9,-9,2012,"HBI",0.0500343869018386
60076,1,-9,-9,2011,"HBI",0.0500343869018386
80236,1,-9,-9,2012,"HBI",0.0500343869018386
10036,1,-9,-9,2012,"HBI",0.0500343869018386
30517,1,-9,-9,2011,"HBI",0.0500343869018386
80276,1,-9,-9,2012,"HBI",0.0500343869018386
30631,1,-9,-9,2011,"HBI",0.0500343869018386
140026,1,-9,-9,2011,"HBI",0.0500343869018386
10029,1,-9,-9,2012,"HBI",0.0500343869018386
30501,1,-9,-9,2011,"HBI",0.0500343869018386
50056,1,-9,-9,2012,"HBI",0.0500343869018386
70145,1,-9,-9,2012,"HBI",0.0500343869018386
30186,1,-9,-9,2011,"HBI",0.0500343869018386
120110,1,-9,-9,2012,"HBI",0.0500343869018386
80245,1,-9,-9,2011,"HBI",0.0500343869018386
100047,1,-9,-9,2011,"HBI",0.0500343869018386
50120,1,-9,-9,2011,"HBI",0.0500343869018386
140036,1,-9,-9,2011,"HBI",0.0500343869018386
70092,1,-9,-9,2011,"HBI",0.0500343869018386
30612,1,-9,-9,2011,"HBI",0.0500343869018386
80209,1,-9,-9,2012,"HBI",0.0500343869018386
130068,1,-9,-9,2012,"HBI",0.0500343869018386
70054,1,-9,-9,2012,"HBI",0.0500343869018386
70046,2,-9,-9,2012,"HBI",0.0500343869018386
80210,1,-9,-9,2012,"HBI",0.0500343869018386
50022,1,-9,-9,2012,"HBI",0.0500343869018386
50055,1,-9,-9,2012,"HBI",0.0500343869018386
30629,1,-9,-9,2011,"HBI",0.0500343869018386
150501,1,-9,-9,2012,"HBI",0.0500343869018386
100010,1,-9,-9,2011,"HBI",0.0500343869018386
60061,1,-9,-9,2011,"HBI",0.0500343869018386
80132,1,-9,-9,2011,"HBI",0.0500343869018386
80013,1,-9,-9,2011,"HBI",0.0500343869018386
70110,1,-9,-9,2012,"HBI",0.0500343869018386
120044,1,-9,-9,2012,"HBI",0.0500343869018386
70134,1,-9,-9,2012,"HBI",0.0500343869018386
160036,1,-9,-9,2011,"HBI",0.0500343869018386
60079,1,-9,-9,2011,"HBI",0.0500343869018386
60064,1,-9,-9,2011,"HBI",0.0500343869018386
120112,1,-9,-9,2011,"HBI",0.0500343869018386
10026,1,-9,-9,2012,"HBI",0.0500343869018386
30031,1,-9,-9,2011,"HBI",0.0500343869018386
50029,1,-9,-9,2011,"HBI",0.0500343869018386
80147,1,-9,-9,2012,"HBI",0.0500343869018386
70027,1,-9,-9,2012,"HBI",0.0500343869018386
60015,1,-9,-9,2012,"HBI",0.0500343869018386
70070,1,-9,-9,2011,"HBI",0.0500343869018386
80169,1,-9,-9,2012,"HBI",0.0500343869018386
10003,1,-9,-9,2012,"HBI",0.0500343869018386
100052,1,-9,-9,2011,"HBI",0.0500343869018386
80269,1,-9,-9,2011,"HBI",0.0500343869018386
150008,1,-9,-9,2011,"HBI",0.0500343869018386
150550,1,-9,-9,2012,"HBI",0.0500343869018386
80035,1,-9,-9,2011,"HBI",0.0500343869018386
140044,1,-9,-9,2011,"HBI",0.0500343869018386
70082,1,-9,-9,2012,"HBI",0.0500343869018386
30040,1,-9,-9,2011,"HBI",0.0500343869018386
50146,1,-9,-9,2012,"HBI",0.0500343869018386
120045,1,-9,-9,2012,"HBI",0.0500343869018386
80289,1,-9,-9,2012,"HBI",0.0500343869018386
60075,1,-9,-9,2011,"HBI",0.0500343869018386
30148,1,-9,-9,2011,"HBI",0.0500343869018386
150041,1,-9,-9,2012,"HBI",0.0500343869018386
80064,1,-9,-9,2011,"HBI",0.0500343869018386
150072,1,-9,-9,2011,"HBI",0.0500343869018386
80071,1,-9,-9,2011,"HBI",0.0500343869018386
30506,1,-9,-9,2011,"HBI",0.0500343869018386
30606,1,-9,-9,2011,"HBI",0.0500343869018386
80219,1,-9,-9,2011,"HBI",0.0500343869018386
130081,1,-9,-9,2012,"HBI",0.0500343869018386
70018,1,-9,-9,2012,"HBI",0.0500343869018386
30634,1,-9,-9,2011,"HBI",0.0500343869018386
80104,1,-9,-9,2011,"HBI",0.0500343869018386
60016,1,-9,-9,2012,"HBI",0.0500343869018386
140058,1,-9,-9,2011,"HBI",0.0500343869018386
120114,1,-9,-9,2011,"HBI",0.0500343869018386
70107,1,-9,-9,2012,"HBI",0.0500343869018386
30649,1,-9,-9,2011,"HBI",0.0500343869018386
70091,1,-9,-9,2011,"HBI",0.0500343869018386
160040,1,-9,-9,2012,"HBI",0.0500343869018386
60012,1,-9,-9,2011,"HBI",0.0500343869018386
150040,1,-9,-9,2012,"HBI",0.0500343869018386
150036,1,-9,-9,2012,"HBI",0.0500343869018386
80225,1,-9,-9,2011,"HBI",0.0500343869018386
80170,1,-9,-9,2012,"HBI",0.0500343869018386
140012,1,-9,-9,2012,"HBI",0.0500343869018386
50061,1,-9,-9,2012,"HBI",0.0500343869018386
140033,1,-9,-9,2011,"HBI",0.0500343869018386
80290,1,-9,-9,2012,"HBI",0.0500343869018386
80257,1,-9,-9,2011,"HBI",0.0500343869018386
80176,1,-9,-9,2012,"HBI",0.0500343869018386
70129,1,-9,-9,2012,"HBI",0.0500343869018386
50116,1,-9,-9,2011,"HBI",0.0500343869018386
80084,1,-9,-9,2011,"HBI",0.0500343869018386
30147,1,-9,-9,2011,"HBI",0.0500343869018386
80283,1,-9,-9,2011,"HBI",0.0500343869018386
30508,1,-9,-9,2011,"HBI",0.0500343869018386
70043,1,-9,-9,2012,"HBI",0.0500343869018386
60083,1,-9,-9,2011,"HBI",0.0500343869018386
70097,1,-9,-9,2011,"HBI",0.0500343869018386
80150,1,-9,-9,2012,"HBI",0.0500343869018386
140048,1,-9,-9,2011,"HBI",0.0500343869018386
30505,1,-9,-9,2011,"HBI",0.0500343869018386
80161,1,-9,-9,2012,"HBI",0.0500343869018386
100004,1,-9,-9,2011,"HBI",0.0500343869018386
30507,1,-9,-9,2011,"HBI",0.0500343869018386
120032,1,-9,-9,2011,"HBI",0.0500343869018386
80271,1,-9,-9,2012,"HBI",0.0500343869018386
30111,1,-9,-9,2011,"HBI",0.0500343869018386
30167,1,-9,-9,2011,"HBI",0.0500343869018386
80191,1,-9,-9,2011,"HBI",0.0500343869018386
120161,1,-9,-9,2012,"HBI",0.0500343869018386
60005,1,-9,-9,2012,"HBI",0.0500343869018386
50046,1,-9,-9,2012,"HBI",0.0500343869018386
50085,1,-9,-9,2011,"HBI",0.0500343869018386
150017,1,-9,-9,2012,"HBI",0.0500343869018386
50105,1,-9,-9,2011,"HBI",0.0500343869018386
120038,1,-9,-9,2011,"HBI",0.0500343869018386
80230,1,-9,-9,2012,"HBI",0.0500343869018386
10027,1,-9,-9,2012,"HBI",0.0500343869018386
160070,1,-9,-9,2012,"HBI",0.0500343869018386
80012,1,-9,-9,2011,"HBI",0.0500343869018386
30143,1,-9,-9,2011,"HBI",0.0500343869018386
30603,1,-9,-9,2011,"HBI",0.0500343869018386
100071,1,-9,-9,2011,"HBI",0.0500343869018386
80309,1,-9,-9,2012,"HBI",0.0500343869018386
80239,1,-9,-9,2012,"HBI",0.0500343869018386
50003,1,-9,-9,2012,"HBI",0.0500343869018386
120017,1,-9,-9,2011,"HBI",0.0500343869018386
70156,1,-9,-9,2012,"HBI",0.0500343869018386
150066,1,-9,-9,2011,"HBI",0.0500343869018386
60050,1,-9,-9,2012,"HBI",0.0500343869018386
80294,1,-9,-9,2011,"HBI",0.0500343869018386
80273,1,-9,-9,2012,"HBI",0.0500343869018386
70095,1,-9,-9,2012,"HBI",0.0500343869018386
70071,1,-9,-9,2012,"HBI",0.0500343869018386
70001,1,-9,-9,2012,"HBI",0.0500343869018386
80292,1,-9,-9,2012,"HBI",0.0500343869018386
70144,1,-9,-9,2012,"HBI",0.0500343869018386
70065,1,-9,-9,2012,"HBI",0.0500343869018386
50057,1,-9,-9,2012,"HBI",0.0500343869018386
80114,1,-9,-9,2012,"HBI",0.0500343869018386
140053,1,-9,-9,2012,"HBI",0.0500343869018386
50145,2,-9,-9,2011,"HBI",0.0500343869018386
50004,1,-9,-9,2012,"HBI",0.0500343869018386
60045,1,-9,-9,2012,"HBI",0.0500343869018386
150069,1,-9,-9,2011,"HBI",0.0500343869018386
10005,1,-9,-9,2012,"HBI",0.0500343869018386
80284,1,-9,-9,2012,"HBI",0.0500343869018386
80058,1,-9,-9,2011,"HBI",0.0500343869018386
80074,1,-9,-9,2011,"HBI",0.0500343869018386
120056,1,-9,-9,2012,"HBI",0.0500343869018386
30503,1,-9,-9,2011,"HBI",0.0500343869018386
120039,1,-9,-9,2011,"HBI",0.0500343869018386
160073,1,-9,-9,2011,"HBI",0.0500343869018386
120098,1,-9,-9,2011,"HBI",0.0500343869018386
30034,1,-9,-9,2011,"HBI",0.0500343869018386
80252,1,-9,-9,2012,"HBI",0.0500343869018386
70162,1,-9,-9,2012,"HBI",0.0500343869018386
50069,1,-9,-9,2011,"HBI",0.0500343869018386
50125,1,-9,-9,2011,"HBI",0.0500343869018386
70087,1,-9,-9,2012,"HBI",0.0500343869018386
80233,1,-9,-9,2012,"HBI",0.0500343869018386
150067,1,-9,-9,2011,"HBI",0.0500343869018386
60129,1,-9,-9,2012,"HBI",0.0500343869018386
30142,1,-9,-9,2011,"HBI",0.0500343869018386
50101,1,-9,-9,2011,"HBI",0.0500343869018386
30160,1,-9,-9,2011,"HBI",0.0500343869018386
80052,1,-9,-9,2011,"HBI",0.0500343869018386
80027,1,-9,-9,2012,"HBI",0.0500343869018386
60042,1,-9,-9,2011,"HBI",0.0500343869018386
100087,1,-9,-9,2011,"HBI",0.0500343869018386
70058,1,-9,-9,2012,"HBI",0.0500343869018386
50060,1,-9,-9,2012,"HBI",0.0500343869018386
10013,1,-9,-9,2012,"HBI",0.0500343869018386
60105,1,-9,-9,2012,"HBI",0.0500343869018386
60070,1,-9,-9,2011,"HBI",0.0500343869018386
80188,1,-9,-9,2012,"HBI",0.0500343869018386
120067,1,-9,-9,2011,"HBI",0.0500343869018386
50138,1,-9,-9,2011,"HBI",0.0500343869018386
160031,1,-9,-9,2011,"HBI",0.0500343869018386
30001,1,-9,-9,2011,"HBI",0.0500343869018386
120142,1,-9,-9,2012,"HBI",0.0500343869018386
60137,1,-9,-9,2012,"HBI",0.0500343869018386
30079,1,-9,-9,2011,"HBI",0.0500343869018386
30058,1,-9,-9,2011,"HBI",0.0500343869018386
80067,1,-9,-9,2012,"HBI",0.0500343869018386
120057,1,-9,-9,2012,"HBI",0.0500343869018386
60008,1,-9,-9,2011,"HBI",0.0500343869018386
70094,1,-9,-9,2012,"HBI",0.0500343869018386
120169,1,-9,-9,2012,"HBI",0.0500343869018386
160003,1,-9,-9,2012,"HBI",0.0500343869018386
160091,1,-9,-9,2011,"HBI",0.0500343869018386
70009,1,-9,-9,2012,"HBI",0.0500343869018386
80281,1,-9,-9,2012,"HBI",0.0500343869018386
70066,1,-9,-9,2012,"HBI",0.0500343869018386
80235,1,-9,-9,2011,"HBI",0.0500343869018386
60038,1,-9,-9,2011,"HBI",0.0500343869018386
80141,1,-9,-9,2012,"HBI",0.0500343869018386
50107,1,-9,-9,2011,"HBI",0.0500343869018386
60088,1,-9,-9,2012,"HBI",0.0500343869018386
100085,1,-9,-9,2011,"HBI",0.0500343869018386
120002,1,-9,-9,2011,"HBI",0.0500343869018386
160004,1,-9,-9,2012,"HBI",0.0500343869018386
120146,1,-9,-9,2012,"HBI",0.0500343869018386
50031,1,-9,-9,2011,"HBI",0.0500343869018386
30615,1,-9,-9,2011,"HBI",0.0500343869018386
70149,1,-9,-9,2012,"HBI",0.0500343869018386
50071,1,-9,-9,2012,"HBI",0.0500343869018386
80229,1,-9,-9,2012,"HBI",0.0500343869018386
80208,1,-9,-9,2012,"HBI",0.0500343869018386
140007,1,-9,-9,2012,"HBI",0.0500343869018386
80036,1,-9,-9,2011,"HBI",0.0500343869018386
50020,1,-9,-9,2012,"HBI",0.0500343869018386
50009,1,-9,-9,2012,"HBI",0.0500343869018386
80220,1,-9,-9,2011,"HBI",0.0500343869018386
70076,1,-9,-9,2012,"HBI",0.0500343869018386
30645,1,-9,-9,2011,"HBI",0.0500343869018386
50097,1,-9,-9,2012,"HBI",0.0500343869018386
80072,1,-9,-9,2011,"HBI",0.0500343869018386
70160,1,-9,-9,2012,"HBI",0.0500343869018386
30191,1,-9,-9,2011,"HBI",0.0500343869018386
80005,1,-9,-9,2012,"HBI",0.0500343869018386
160028,1,-9,-9,2011,"HBI",0.0500343869018386
80280,1,-9,-9,2012,"HBI",0.0500343869018386
80260,1,-9,-9,2011,"HBI",0.0500343869018386
50025,1,-9,-9,2011,"HBI",0.0500343869018386
30008,1,-9,-9,2011,"HBI",0.0500343869018386
120150,1,-9,-9,2012,"HBI",0.0500343869018386
120102,1,-9,-9,2011,"HBI",0.0500343869018386
30123,1,-9,-9,2011,"HBI",0.0500343869018386
30127,1,-9,-9,2011,"HBI",0.0500343869018386
10011,1,-9,-9,2012,"HBI",0.0500343869018386
60001,1,-9,-9,2011,"HBI",0.0500343869018386
60127,1,-9,-9,2012,"HBI",0.0500343869018386
30520,1,-9,-9,2011,"HBI",0.0500343869018386
140052,1,-9,-9,2011,"HBI",0.0500343869018386
60139,1,-9,-9,2012,"HBI",0.0500343869018386
80033,1,-9,-9,2011,"HBI",0.0500343869018386
120097,1,-9,-9,2011,"HBI",0.0500343869018386
70103,1,-9,-9,2012,"HBI",0.0500343869018386
30053,1,-9,-9,2011,"HBI",0.0500343869018386
60134,1,-9,-9,2012,"HBI",0.0500343869018386
60021,1,-9,-9,2012,"HBI",0.0500343869018386
40001,1,-9,-9,2011,"HBI",0.0500343869018386
60123,1,-9,-9,2012,"HBI",0.0500343869018386
80087,1,-9,-9,2011,"HBI",0.0500343869018386
80259,1,-9,-9,2012,"HBI",0.0500343869018386
50058,1,-9,-9,2011,"HBI",0.0500343869018386
80127,1,-9,-9,2012,"HBI",0.0500343869018386
80040,1,-9,-9,2011,"HBI",0.0500343869018386
70133,1,-9,-9,2012,"HBI",0.0500343869018386
70148,1,-9,-9,2012,"HBI",0.0500343869018386
50073,1,-9,-9,2012,"HBI",0.0500343869018386
80039,1,-9,-9,2012,"HBI",0.0500343869018386
80007,1,-9,-9,2012,"HBI",0.0500343869018386
30188,1,-9,-9,2011,"HBI",0.0500343869018386
50134,1,-9,-9,2011,"HBI",0.0500343869018386
120100,1,-9,-9,2011,"HBI",0.0500343869018386
30024,1,-9,-9,2011,"HBI",0.0500343869018386
160088,1,-9,-9,2011,"HBI",0.0500343869018386
50137,1,-9,-9,2011,"HBI",0.0500343869018386
10019,1,-9,-9,2012,"HBI",0.0500343869018386
80017,1,-9,-9,2012,"HBI",0.0500343869018386
140001,1,-9,-9,2012,"HBI",0.0500343869018386
120070,1,-9,-9,2012,"HBI",0.0500343869018386
60084,1,-9,-9,2011,"HBI",0.0500343869018386
80303,1,-9,-9,2012,"HBI",0.0500343869018386
160081,1,-9,-9,2012,"HBI",0.0500343869018386
120037,1,-9,-9,2011,"HBI",0.0500343869018386
60053,1,-9,-9,2012,"HBI",0.0500343869018386
30633,1,-9,-9,2011,"HBI",0.0500343869018386
10014,1,-9,-9,2012,"HBI",0.0500343869018386
140020,1,-9,-9,2012,"HBI",0.0500343869018386
50099,1,-9,-9,2011,"HBI",0.0500343869018386
80126,1,-9,-9,2012,"HBI",0.0500343869018386
70164,1,-9,-9,2012,"HBI",0.0500343869018386
80095,1,-9,-9,2011,"HBI",0.0500343869018386
150007,1,-9,-9,2011,"HBI",0.0500343869018386
50084,1,-9,-9,2011,"HBI",0.0500343869018386
60112,1,-9,-9,2012,"HBI",0.0500343869018386
30002,1,-9,-9,2011,"HBI",0.0500343869018386
70098,1,-9,-9,2012,"HBI",0.0500343869018386
120183,1,-9,-9,2012,"HBI",0.0500343869018386
60125,1,-9,-9,2012,"HBI",0.0500343869018386
120066,1,-9,-9,2011,"HBI",0.0500343869018386
60108,1,-9,-9,2012,"HBI",0.0500343869018386
100090,1,-9,-9,2011,"HBI",0.0500343869018386
120105,1,-9,-9,2011,"HBI",0.0500343869018386
80274,1,-9,-9,2012,"HBI",0.0500343869018386
80143,1,-9,-9,2012,"HBI",0.0500343869018386
80113,1,-9,-9,2012,"HBI",0.0500343869018386
70104,1,-9,-9,2012,"HBI",0.0500343869018386
120081,1,-9,-9,2011,"HBI",0.0500343869018386
80029,1,-9,-9,2012,"HBI",0.0500343869018386
80227,1,-9,-9,2012,"HBI",0.0500343869018386
80099,1,-9,-9,2011,"HBI",0.0500343869018386
80083,1,-9,-9,2011,"HBI",0.0500343869018386
30168,1,-9,-9,2011,"HBI",0.0500343869018386
80078,1,-9,-9,2011,"HBI",0.0500343869018386
140016,1,-9,-9,2011,"HBI",0.0500343869018386
120154,1,-9,-9,2012,"HBI",0.0500343869018386
30004,1,-9,-9,2011,"HBI",0.0500343869018386
80279,1,-9,-9,2011,"HBI",0.0500343869018386
50102,1,-9,-9,2011,"HBI",0.0500343869018386
80285,1,-9,-9,2012,"HBI",0.0500343869018386
80152,1,-9,-9,2012,"HBI",0.0500343869018386
60111,1,-9,-9,2012,"HBI",0.0500343869018386
60040,1,-9,-9,2012,"HBI",0.0500343869018386
30064,1,-9,-9,2011,"HBI",0.0500343869018386
80226,1,-9,-9,2011,"HBI",0.0500343869018386
80243,1,-9,-9,2012,"HBI",0.0500343869018386
30627,1,-9,-9,2011,"HBI",0.0500343869018386
160039,1,-9,-9,2011,"HBI",0.0500343869018386
50014,1,-9,-9,2011,"HBI",0.0500343869018386
80302,1,-9,-9,2012,"HBI",0.0500343869018386
80060,1,-9,-9,2011,"HBI",0.0500343869018386
50041,1,-9,-9,2012,"HBI",0.0500343869018386
30608,1,-9,-9,2011,"HBI",0.0500343869018386
80119,1,-9,-9,2012,"HBI",0.0500343869018386
140023,1,-9,-9,2011,"HBI",0.0500343869018386
50110,1,-9,-9,2011,"HBI",0.0500343869018386
120135,1,-9,-9,2012,"HBI",0.0500343869018386
70067,1,-9,-9,2012,"HBI",0.0500343869018386
30636,1,-9,-9,2011,"HBI",0.0500343869018386
160075,1,-9,-9,2011,"HBI",0.0500343869018386
80090,1,-9,-9,2012,"HBI",0.0500343869018386
80009,1,-9,-9,2011,"HBI",0.0500343869018386
130078,1,-9,-9,2012,"HBI",0.0500343869018386
30625,1,-9,-9,2011,"HBI",0.0500343869018386
120083,1,-9,-9,2012,"HBI",0.0500343869018386
60093,1,-9,-9,2011,"HBI",0.0500343869018386
80020,1,-9,-9,2011,"HBI",0.0500343869018386
130032,1,-9,-9,2012,"HBI",0.0500343869018386
160020,1,-9,-9,2011,"HBI",0.0500343869018386
80044,1,-9,-9,2011,"HBI",0.0500343869018386
30619,1,-9,-9,2011,"HBI",0.0500343869018386
80092,1,-9,-9,2011,"HBI",0.0500343869018386
70022,1,-9,-9,2012,"HBI",0.0500343869018386
80121,1,-9,-9,2012,"HBI",0.0500343869018386
50094,1,-9,-9,2011,"HBI",0.0500343869018386
100058,1,-9,-9,2011,"HBI",0.0500343869018386
160030,1,-9,-9,2011,"HBI",0.0500343869018386
30098,1,-9,-9,2011,"HBI",0.0500343869018386
70124,1,-9,-9,2012,"HBI",0.0500343869018386
50017,1,-9,-9,2012,"HBI",0.0500343869018386
140063,1,-9,-9,2012,"HBI",0.0500343869018386
80263,1,-9,-9,2012,"HBI",0.0500343869018386
160006,1,-9,-9,2011,"HBI",0.0500343869018386
160054,1,-9,-9,2011,"HBI",0.0500343869018386
80103,1,-9,-9,2011,"HBI",0.0500343869018386
70088,1,-9,-9,2011,"HBI",0.0500343869018386
60009,1,-9,-9,2011,"HBI",0.0500343869018386
60106,1,-9,-9,2012,"HBI",0.0500343869018386
80076,1,-9,-9,2011,"HBI",0.0500343869018386
130071,1,-9,-9,2012,"HBI",0.0500343869018386
80192,1,-9,-9,2011,"HBI",0.0500343869018386
130029,1,-9,-9,2012,"HBI",0.0500343869018386
80296,1,-9,-9,2011,"HBI",0.0500343869018386
80221,1,-9,-9,2011,"HBI",0.0500343869018386
80306,1,-9,-9,2011,"HBI",0.0500343869018386
50141,1,-9,-9,2011,"HBI",0.0500343869018386
120141,1,-9,-9,2012,"HBI",0.0500343869018386
100011,1,-9,-9,2011,"HBI",0.0500343869018386
80096,1,-9,-9,2011,"HBI",0.0500343869018386
100029,1,-9,-9,2011,"HBI",0.0500343869018386
60052,1,-9,-9,2011,"HBI",0.0500343869018386
50066,1,-9,-9,2012,"HBI",0.0500343869018386
80070,1,-9,-9,2012,"HBI",0.0500343869018386
80214,1,-9,-9,2012,"HBI",0.0500343869018386
50131,1,-9,-9,2011,"HBI",0.0500343869018386
50072,1,-9,-9,2012,"HBI",0.0500343869018386
50015,1,-9,-9,2012,"HBI",0.0500343869018386
70038,1,-9,-9,2012,"HBI",0.0500343869018386
50098,1,-9,-9,2012,"HBI",0.0500343869018386
160016,1,-9,-9,2012,"HBI",0.0500343869018386
150012,1,-9,-9,2011,"HBI",0.0500343869018386
30504,1,-9,-9,2011,"HBI",0.0500343869018386
70115,1,-9,-9,2012,"HBI",0.0500343869018386
50080,1,-9,-9,2012,"HBI",0.0500343869018386
60035,1,-9,-9,2012,"HBI",0.0500343869018386
50129,1,-9,-9,2012,"HBI",0.0500343869018386
30620,1,-9,-9,2011,"HBI",0.0500343869018386
50091,1,-9,-9,2011,"HBI",0.0500343869018386
120076,1,-9,-9,2011,"HBI",0.0500343869018386
120061,1,-9,-9,2011,"HBI",0.0500343869018386
160022,1,-9,-9,2011,"HBI",0.0500343869018386
30622,1,-9,-9,2011,"HBI",0.0500343869018386
70083,1,-9,-9,2012,"HBI",0.0500343869018386
120185,1,-9,-9,2012,"HBI",0.0500343869018386
80204,1,-9,-9,2012,"HBI",0.0500343869018386
50109,1,-9,-9,2011,"HBI",0.0500343869018386
120106,1,-9,-9,2011,"HBI",0.0500343869018386
60029,1,-9,-9,2012,"HBI",0.0500343869018386
160035,1,-9,-9,2011,"HBI",0.0500343869018386
50087,1,-9,-9,2011,"HBI",0.0500343869018386
120041,1,-9,-9,2012,"HBI",0.0500343869018386
150020,1,-9,-9,2012,"HBI",0.0500343869018386
60116,1,-9,-9,2012,"HBI",0.0500343869018386
80166,1,-9,-9,2012,"HBI",0.0500343869018386
60051,1,-9,-9,2012,"HBI",0.0500343869018386
60107,1,-9,-9,2012,"HBI",0.0500343869018386
80089,1,-9,-9,2011,"HBI",0.0500343869018386
50144,1,-9,-9,2011,"HBI",0.0500343869018386
80238,1,-9,-9,2012,"HBI",0.0500343869018386
80266,1,-9,-9,2012,"HBI",0.0500343869018386
80046,1,-9,-9,2011,"HBI",0.0500343869018386
60060,1,-9,-9,2012,"HBI",0.0500343869018386
30646,1,-9,-9,2011,"HBI",0.0500343869018386
80081,1,-9,-9,2011,"HBI",0.0500343869018386
60097,1,-9,-9,2011,"HBI",0.0500343869018386
60054,1,-9,-9,2012,"HBI",0.0500343869018386
150051,1,-9,-9,2011,"HBI",0.0500343869018386
70032,1,-9,-9,2012,"HBI",0.0500343869018386
160049,1,-9,-9,2012,"HBI",0.0500343869018386
140041,1,-9,-9,2011,"HBI",0.0500343869018386
160021,1,-9,-9,2011,"HBI",0.0500343869018386
120008,1,-9,-9,2011,"HBI",0.0500343869018386
30604,1,-9,-9,2011,"HBI",0.0500343869018386
150058,1,-9,-9,2012,"HBI",0.0500343869018386
70135,1,-9,-9,2012,"HBI",0.0500343869018386
140061,1,-9,-9,2012,"HBI",0.0500343869018386
120053,1,-9,-9,2011,"HBI",0.0500343869018386
80159,1,-9,-9,2012,"HBI",0.0500343869018386
70086,1,-9,-9,2012,"HBI",0.0500343869018386
30164,1,-9,-9,2011,"HBI",0.0500343869018386
30163,1,-9,-9,2011,"HBI",0.0500343869018386
60013,1,-9,-9,2011,"HBI",0.0500343869018386
70047,1,-9,-9,2012,"HBI",0.0500343869018386
30037,1,-9,-9,2011,"HBI",0.0500343869018386
160012,1,-9,-9,2012,"HBI",0.0500343869018386
80293,1,-9,-9,2011,"HBI",0.0500343869018386
150065,1,-9,-9,2012,"HBI",0.0500343869018386
60135,1,-9,-9,2012,"HBI",0.0500343869018386
130028,1,-9,-9,2012,"HBI",0.0500343869018386
80131,1,-9,-9,2012,"HBI",0.0500343869018386
140054,1,-9,-9,2011,"HBI",0.0500343869018386
120122,1,-9,-9,2012,"HBI",0.0500343869018386
80162,1,-9,-9,2012,"HBI",0.0500343869018386
60073,1,-9,-9,2011,"HBI",0.0500343869018386
60055,1,-9,-9,2012,"HBI",0.0500343869018386
70111,1,-9,-9,2012,"HBI",0.0500343869018386
40003,1,-9,-9,2011,"HBI",0.0500343869018386
60039,1,-9,-9,2012,"HBI",0.0500343869018386
160044,1,-9,-9,2011,"HBI",0.0500343869018386
70142,1,-9,-9,2012,"HBI",0.0500343869018386
120187,1,-9,-9,2011,"HBI",0.0500343869018386
120086,1,-9,-9,2011,"HBI",0.0500343869018386
150022,1,-9,-9,2011,"HBI",0.0500343869018386
120137,1,-9,-9,2012,"HBI",0.0500343869018386
80153,1,-9,-9,2012,"HBI",0.0500343869018386
60059,1,-9,-9,2012,"HBI",0.0500343869018386
140019,1,-9,-9,2012,"HBI",0.0500343869018386
80182,1,-9,-9,2012,"HBI",0.0500343869018386
50021,1,-9,-9,2012,"HBI",0.0500343869018386
70023,1,-9,-9,2012,"HBI",0.0500343869018386
160009,1,-9,-9,2012,"HBI",0.0500343869018386
80172,1,-9,-9,2012,"HBI",0.0500343869018386
120118,1,-9,-9,2011,"HBI",0.0500343869018386
130047,1,-9,-9,2012,"HBI",0.0500343869018386
80108,1,-9,-9,2012,"HBI",0.0500343869018386
80244,1,-9,-9,2011,"HBI",0.0500343869018386
30016,1,-9,-9,2011,"HBI",0.0500343869018386
150057,1,-9,-9,2012,"HBI",0.0500343869018386
30601,1,-9,-9,2011,"HBI",0.0500343869018386
60074,1,-9,-9,2011,"HBI",0.0500343869018386
80256,1,-9,-9,2012,"HBI",0.0500343869018386
100084,1,-9,-9,2011,"HBI",0.0500343869018386
130039,1,-9,-9,2012,"HBI",0.0500343869018386
60007,1,-9,-9,2011,"HBI",0.0500343869018386
100045,1,-9,-9,2011,"HBI",0.0500343869018386
130083,1,-9,-9,2012,"HBI",0.0500343869018386
120042,1,-9,-9,2012,"HBI",0.0500343869018386
150014,1,-9,-9,2011,"HBI",0.0500343869018386
10017,1,-9,-9,2012,"HBI",0.0500343869018386
10006,1,-9,-9,2012,"HBI",0.0500343869018386
80106,1,-9,-9,2012,"HBI",0.0500343869018386
30039,1,-9,-9,2011,"HBI",0.0500343869018386
80299,1,-9,-9,2012,"HBI",0.0500343869018386
80232,1,-9,-9,2012,"HBI",0.0500343869018386
120184,1,-9,-9,2012,"HBI",0.0500343869018386
150045,1,-9,-9,2011,"HBI",0.0500343869018386
80142,1,-9,-9,2012,"HBI",0.0500343869018386
30647,1,-9,-9,2011,"HBI",0.0500343869018386
30516,1,-9,-9,2011,"HBI",0.0500343869018386
80295,1,-9,-9,2011,"HBI",0.0500343869018386
80231,1,-9,-9,2012,"HBI",0.0500343869018386
50011,1,-9,-9,2012,"HBI",0.0500343869018386
140056,1,-9,-9,2011,"HBI",0.0500343869018386
30607,1,-9,-9,2011,"HBI",0.0500343869018386
80140,1,-9,-9,2012,"HBI",0.0500343869018386
70120,1,-9,-9,2012,"HBI",0.0500343869018386
80051,1,-9,-9,2011,"HBI",0.0500343869018386
70077,1,-9,-9,2012,"HBI",0.0500343869018386
80167,1,-9,-9,2012,"HBI",0.0500343869018386
140018,1,-9,-9,2012,"HBI",0.0500343869018386
120167,1,-9,-9,2012,"HBI",0.0500343869018386
60102,1,-9,-9,2011,"HBI",0.0500343869018386
80054,1,-9,-9,2011,"HBI",0.0500343869018386
160055,1,-9,-9,2011,"HBI",0.0500343869018386
120109,1,-9,-9,2012,"HBI",0.0500343869018386
70165,1,-9,-9,2012,"HBI",0.0500343869018386
30521,1,-9,-9,2011,"HBI",0.0500343869018386
140008,1,-9,-9,2012,"HBI",0.0500343869018386
80250,1,-9,-9,2011,"HBI",0.0500343869018386
80144,1,-9,-9,2012,"HBI",0.0500343869018386
50128,1,-9,-9,2011,"HBI",0.0500343869018386
30009,1,-9,-9,2011,"HBI",0.0500343869018386
70007,1,-9,-9,2012,"HBI",0.0500343869018386
160038,1,-9,-9,2011,"HBI",0.0500343869018386
120103,1,-9,-9,2011,"HBI",0.0500343869018386
120007,1,-9,-9,2012,"HBI",0.0500343869018386
10022,1,-9,-9,2012,"HBI",0.0500343869018386
80217,1,-9,-9,2011,"HBI",0.0500343869018386
50062,1,-9,-9,2012,"HBI",0.0500343869018386
120040,1,-9,-9,2012,"HBI",0.0500343869018386
80307,1,-9,-9,2011,"HBI",0.0500343869018386
160052,1,-9,-9,2011,"HBI",0.0500343869018386
120144,1,-9,-9,2012,"HBI",0.0500343869018386
70150,1,-9,-9,2012,"HBI",0.0500343869018386
100009,1,-9,-9,2011,"HBI",0.0500343869018386
140234,1,-9,-9,2011,"HBI",0.0500343869018386
140102,1,-9,-9,2012,"HBI",0.0500343869018386
140005,1,-9,-9,2012,"HBI",0.0500343869018386
50067,1,-9,-9,2011,"HBI",0.0500343869018386
130051,1,-9,-9,2012,"HBI",0.0500343869018386
130010,1,-9,-9,2012,"HBI",0.0500343869018386
70126,1,-9,-9,2012,"HBI",0.0500343869018386
60122,1,-9,-9,2012,"HBI",0.0500343869018386
70042,1,-9,-9,2012,"HBI",0.0500343869018386
80218,1,-9,-9,2011,"HBI",0.0500343869018386
70127,1,-9,-9,2012,"HBI",0.0500343869018386
50040,1,-9,-9,2011,"HBI",0.0500343869018386
100065,1,-9,-9,2011,"HBI",0.0500343869018386
130033,1,-9,-9,2012,"HBI",0.0500343869018386
50037,1,-9,-9,2011,"HBI",0.0500343869018386
80168,1,-9,-9,2012,"HBI",0.0500343869018386
70158,1,-9,-9,2012,"HBI",0.0500343869018386
120059,1,-9,-9,2012,"HBI",0.0500343869018386
50059,1,-9,-9,2012,"HBI",0.0500343869018386
50033,1,-9,-9,2011,"HBI",0.0500343869018386
70050,1,-9,-9,2012,"HBI",0.0500343869018386
50133,1,-9,-9,2011,"HBI",0.0500343869018386
80059,1,-9,-9,2012,"HBI",0.0500343869018386
80228,1,-9,-9,2012,"HBI",0.0500343869018386
10004,1,-9,-9,2012,"HBI",0.0500343869018386
60026,1,-9,-9,2011,"HBI",0.0500343869018386
80146,1,-9,-9,2012,"HBI",0.0500343869018386
80278,1,-9,-9,2012,"HBI",0.0500343869018386
160056,1,-9,-9,2011,"HBI",0.0500343869018386
50045,1,-9,-9,2011,"HBI",0.0500343869018386
150055,1,-9,-9,2011,"HBI",0.0500343869018386
150050,1,-9,-9,2011,"HBI",0.0500343869018386
80055,1,-9,-9,2011,"HBI",0.0500343869018386
150509,1,-9,-9,2011,"HBI",0.0500343869018386
60136,1,-9,-9,2012,"HBI",0.0500343869018386
160046,1,-9,-9,2011,"HBI",0.0500343869018386
60065,1,-9,-9,2012,"HBI",0.0500343869018386
70096,1,-9,-9,2011,"HBI",0.0500343869018386
60132,1,-9,-9,2012,"HBI",0.0500343869018386
70105,1,-9,-9,2012,"HBI",0.0500343869018386
160007,1,-9,-9,2012,"HBI",0.0500343869018386
130014,1,-9,-9,2012,"HBI",0.0500343869018386
120012,1,-9,-9,2012,"HBI",0.0500343869018386
10021,1,-9,-9,2012,"HBI",0.0500343869018386
100039,1,-9,-9,2011,"HBI",0.0500343869018386
80128,1,-9,-9,2012,"HBI",0.0500343869018386
30522,1,-9,-9,2011,"HBI",0.0500343869018386
150016,1,-9,-9,2012,"HBI",0.0500343869018386
80091,1,-9,-9,2011,"HBI",0.0500343869018386
10034,1,-9,-9,2012,"HBI",0.0500343869018386
60115,1,-9,-9,2012,"HBI",0.0500343869018386
120030,1,-9,-9,2011,"HBI",0.0500343869018386
30182,1,-9,-9,2011,"HBI",0.0500343869018386
150075,1,-9,-9,2011,"HBI",0.0500343869018386
30192,1,-9,-9,2011,"HBI",0.0500343869018386
140002,1,-9,-9,2012,"HBI",0.0500343869018386
60024,1,-9,-9,2011,"HBI",0.0500343869018386
80123,1,-9,-9,2011,"HBI",0.0500343869018386
50106,1,-9,-9,2011,"HBI",0.0500343869018386
80254,1,-9,-9,2011,"HBI",0.0500343869018386
120120,1,-9,-9,2012,"HBI",0.0500343869018386
30006,1,-9,-9,2011,"HBI",0.0500343869018386
30610,1,-9,-9,2011,"HBI",0.0500343869018386
120143,1,-9,-9,2012,"HBI",0.0500343869018386
50074,1,-9,-9,2011,"HBI",0.0500343869018386
160048,1,-9,-9,2012,"HBI",0.0500343869018386
50114,1,-9,-9,2011,"HBI",0.0500343869018386
50112,1,-9,-9,2011,"HBI",0.0500343869018386
120134,1,-9,-9,2012,"HBI",0.0500343869018386
80082,1,-9,-9,2011,"HBI",0.0500343869018386
30643,1,-9,-9,2011,"HBI",0.0500343869018386
70052,1,-9,-9,2012,"HBI",0.0500343869018386
30125,1,-9,-9,2011,"HBI",0.0500343869018386
50118,1,-9,-9,2011,"HBI",0.0500343869018386
150062,1,-9,-9,2012,"HBI",0.0500343869018386
160062,1,-9,-9,2011,"HBI",0.0500343869018386
140014,1,-9,-9,2012,"HBI",0.0500343869018386
160015,1,-9,-9,2012,"HBI",0.0500343869018386
70090,1,-9,-9,2012,"HBI",0.0500343869018386
30641,1,-9,-9,2011,"HBI",0.0500343869018386
120092,1,-9,-9,2011,"HBI",0.0500343869018386
70102,1,-9,-9,2012,"HBI",0.0500343869018386
10040,1,-9,-9,2012,"HBI",0.0500343869018386
70109,1,-9,-9,2012,"HBI",0.0500343869018386
80093,1,-9,-9,2011,"HBI",0.0500343869018386
10030,1,-9,-9,2012,"HBI",0.0500343869018386
80041,1,-9,-9,2012,"HBI",0.0500343869018386
50051,1,-9,-9,2011,"HBI",0.0500343869018386
120111,1,-9,-9,2012,"HBI",0.0500343869018386
80308,1,-9,-9,2011,"HBI",0.0500343869018386
30515,1,-9,-9,2011,"HBI",0.0500343869018386
60100,1,-9,-9,2011,"HBI",0.0500343869018386
50005,1,-9,-9,2011,"HBI",0.0500343869018386
120129,1,-9,-9,2011,"HBI",0.0500343869018386
80130,1,-9,-9,2012,"HBI",0.0500343869018386
80057,1,-9,-9,2012,"HBI",0.0500343869018386
140252,1,-9,-9,2012,"HBI",0.0500343869018386
60014,1,-9,-9,2011,"HBI",0.0500343869018386
70141,1,-9,-9,2012,"HBI",0.0500343869018386
80038,1,-9,-9,2012,"HBI",0.0500343869018386
50092,1,-9,-9,2011,"HBI",0.0500343869018386
120063,1,-9,-9,2012,"HBI",0.0500343869018386
130079,1,-9,-9,2012,"HBI",0.0500343869018386
80135,1,-9,-9,2012,"HBI",0.0500343869018386
70113,1,-9,-9,2012,"HBI",0.0500343869018386
10023,1,-9,-9,2012,"HBI",0.0500343869018386
60006,1,-9,-9,2012,"HBI",0.0500343869018386
70039,1,-9,-9,2012,"HBI",0.0500343869018386
80004,1,-9,-9,2012,"HBI",0.0500343869018386
80158,1,-9,-9,2011,"HBI",0.0500343869018386
140050,1,-9,-9,2011,"HBI",0.0500343869018386
140066,1,-9,-9,2012,"HBI",0.0500343869018386
160057,1,-9,-9,2011,"HBI",0.0500343869018386
70015,1,-9,-9,2012,"HBI",0.0500343869018386
80175,1,-9,-9,2011,"HBI",0.0500343869018386
160001,1,-9,-9,2012,"HBI",0.0500343869018386
80068,1,-9,-9,2012,"HBI",0.0500343869018386
100050,1,-9,-9,2011,"HBI",0.0500343869018386
140047,1,-9,-9,2011,"HBI",0.0500343869018386
30628,1,-9,-9,2011,"HBI",0.0500343869018386
10043,1,-9,-9,2012,"HBI",0.0500343869018386
30062,1,-9,-9,2011,"HBI",0.0500343869018386
60101,1,-9,-9,2011,"HBI",0.0500343869018386
80021,1,-9,-9,2011,"HBI",0.0500343869018386
10039,1,-9,-9,2012,"HBI",0.0500343869018386
30032,1,-9,-9,2011,"HBI",0.0500343869018386
160023,1,-9,-9,2012,"HBI",0.0500343869018386
160064,1,-9,-9,2011,"HBI",0.0500343869018386
140013,1,-9,-9,2012,"HBI",0.0500343869018386
80002,1,-9,-9,2012,"HBI",0.0500343869018386
120069,1,-9,-9,2011,"HBI",0.0500343869018386
140316,1,-9,-9,2012,"HBI",0.0500343869018386
80174,1,-9,-9,2012,"HBI",0.0500343869018386
70021,1,-9,-9,2012,"HBI",0.0500343869018386
100057,1,-9,-9,2011,"HBI",0.0500343869018386
80264,1,-9,-9,2011,"HBI",0.0500343869018386
70040,1,-9,-9,2012,"HBI",0.0500343869018386
80223,1,-9,-9,2011,"HBI",0.0500343869018386
150506,1,-9,-9,2012,"HBI",0.0500343869018386
100068,1,-9,-9,2011,"HBI",0.0500343869018386
100066,1,-9,-9,2011,"HBI",0.0500343869018386
60113,1,-9,-9,2012,"HBI",0.0500343869018386
70013,1,-9,-9,2012,"HBI",0.0500343869018386
80085,1,-9,-9,2012,"HBI",0.0500343869018386
30109,1,-9,-9,2011,"HBI",0.0500343869018386
80075,1,-9,-9,2011,"HBI",0.0500343869018386
120116,1,-9,-9,2012,"HBI",0.0500343869018386
120094,1,-9,-9,2011,"HBI",0.0500343869018386
160058,1,-9,-9,2011,"HBI",0.0500343869018386
60124,1,-9,-9,2012,"HBI",0.0500343869018386
30626,1,-9,-9,2011,"HBI",0.0500343869018386
140025,1,-9,-9,2011,"HBI",0.0500343869018386
150005,1,-9,-9,2011,"HBI",0.0500343869018386
30080,1,-9,-9,2011,"HBI",0.0500343869018386
50047,1,-9,-9,2012,"HBI",0.0500343869018386
60028,1,-9,-9,2012,"HBI",0.0500343869018386
140034,1,-9,-9,2011,"HBI",0.0500343869018386
140015,1,-9,-9,2012,"HBI",0.0500343869018386
70055,1,-9,-9,2012,"HBI",0.0500343869018386
50052,1,-9,-9,2012,"HBI",0.0500343869018386
80111,1,-9,-9,2012,"HBI",0.0500343869018386
30028,1,-9,-9,2011,"HBI",0.0500343869018386
50001,1,-9,-9,2011,"HBI",0.0500343869018386
120155,1,-9,-9,2012,"HBI",0.0500343869018386
30007,1,-9,-9,2011,"HBI",0.0500343869018386
150029,1,-9,-9,2011,"HBI",0.0500343869018386
60003,1,-9,-9,2011,"HBI",0.0500343869018386
50111,1,-9,-9,2011,"HBI",0.0500343869018386
80213,1,-9,-9,2011,"HBI",0.0500343869018386
60049,1,-9,-9,2012,"HBI",0.0500343869018386
70030,1,-9,-9,2012,"HBI",0.0500343869018386
60087,1,-9,-9,2012,"HBI",0.0500343869018386
100064,1,-9,-9,2011,"HBI",0.0500343869018386
80267,1,-9,-9,2012,"HBI",0.0500343869018386
140006,1,-9,-9,2012,"HBI",0.0500343869018386
120073,1,-9,-9,2011,"HBI",0.0500343869018386
140065,2,-9,-9,2012,"HBI",0.0500343869018386
50026,1,-9,-9,2011,"HBI",0.0500343869018386
60030,1,-9,-9,2011,"HBI",0.0500343869018386
30069,1,-9,-9,2011,"HBI",0.0500343869018386
30132,1,-9,-9,2011,"HBI",0.0500343869018386
100037,1,-9,-9,2011,"HBI",0.0500343869018386
30512,1,-9,-9,2011,"HBI",0.0500343869018386
120148,1,-9,-9,2012,"HBI",0.0500343869018386
80053,1,-9,-9,2011,"HBI",0.0500343869018386
80118,1,-9,-9,2012,"HBI",0.0500343869018386
160093,1,-9,-9,2011,"HBI",0.0500343869018386
80301,1,-9,-9,2011,"HBI",0.0500343869018386
130042,1,-9,-9,2012,"HBI",0.0500343869018386
120124,1,-9,-9,2012,"HBI",0.0500343869018386
10025,1,-9,-9,2012,"HBI",0.0500343869018386
50028,1,-9,-9,2012,"HBI",0.0500343869018386
80163,1,-9,-9,2012,"HBI",0.0500343869018386
70064,1,-9,-9,2012,"HBI",0.0500343869018386
80117,1,-9,-9,2012,"HBI",0.0500343869018386
120003,1,-9,-9,2011,"HBI",0.0500343869018386
160094,1,-9,-9,2011,"HBI",0.0500343869018386
50023,1,-9,-9,2012,"HBI",0.0500343869018386
60119,1,-9,-9,2012,"HBI",0.0500343869018386
150042,1,-9,-9,2012,"HBI",0.0500343869018386
30159,1,-9,-9,2011,"HBI",0.0500343869018386
30171,1,-9,-9,2011,"HBI",0.0500343869018386
30630,1,-9,-9,2011,"HBI",0.0500343869018386
70146,1,-9,-9,2012,"HBI",0.0500343869018386
70063,1,-9,-9,2012,"HBI",0.0500343869018386
80149,1,-9,-9,2012,"HBI",0.0500343869018386
70112,1,-9,-9,2012,"HBI",0.0500343869018386
60025,1,-9,-9,2011,"HBI",0.0500343869018386
120011,1,-9,-9,2011,"HBI",0.0500343869018386
60133,1,-9,-9,2012,"HBI",0.0500343869018386
60011,1,-9,-9,2012,"HBI",0.0500343869018386
70108,1,-9,-9,2012,"HBI",0.0500343869018386
100070,1,-9,-9,2011,"HBI",0.0500343869018386
30642,1,-9,-9,2011,"HBI",0.0500343869018386
40005,1,-9,-9,2011,"HBI",0.0500343869018386
160097,2,-9,-9,2012,"HBI",0.0500343869018386
160085,1,-9,-9,2011,"HBI",0.0500343869018386
150505,1,-9,-9,2012,"HBI",0.0500343869018386
60046,1,-9,-9,2012,"HBI",0.0500343869018386
130075,1,-9,-9,2012,"HBI",0.0500343869018386
80156,1,-9,-9,2012,"HBI",0.0500343869018386
80134,1,-9,-9,2012,"HBI",0.0500343869018386
80125,1,-9,-9,2012,"HBI",0.0500343869018386
70034,1,-9,-9,2012,"HBI",0.0500343869018386
30086,1,-9,-9,2011,"HBI",0.0500343869018386
150006,1,-9,-9,2011,"HBI",0.0500343869018386
30077,1,-9,-9,2011,"HBI",0.0500343869018386
10016,1,-9,-9,2012,"HBI",0.0500343869018386
80101,1,-9,-9,2011,"HBI",0.0500343869018386
60043,1,-9,-9,2011,"HBI",0.0500343869018386
60048,1,-9,-9,2012,"HBI",0.0500343869018386
50132,1,-9,-9,2011,"HBI",0.0500343869018386
150064,1,-9,-9,2012,"HBI",0.0500343869018386
70035,1,-9,-9,2012,"HBI",0.0500343869018386
150026,1,-9,-9,2012,"HBI",0.0500343869018386
80297,1,-9,-9,2011,"HBI",0.0500343869018386
80183,1,-9,-9,2012,"HBI",0.0500343869018386
80199,1,-9,-9,2012,"HBI",0.0500343869018386
70016,1,-9,-9,2012,"HBI",0.0500343869018386
30088,1,-9,-9,2011,"HBI",0.0500343869018386
30616,1,-9,-9,2011,"HBI",0.0500343869018386
120065,1,-9,-9,2011,"HBI",0.0500343869018386
70101,1,-9,-9,2012,"HBI",0.0500343869018386
30161,1,-9,-9,2011,"HBI",0.0500343869018386
50068,1,-9,-9,2012,"HBI",0.0500343869018386
130088,1,-9,-9,2012,"HBI",0.0500343869018386
120010,1,-9,-9,2011,"HBI",0.0500343869018386
80189,1,-9,-9,2012,"HBI",0.0500343869018386
50081,1,-9,-9,2012,"HBI",0.0500343869018386
30026,1,-9,-9,2011,"HBI",0.0500343869018386
70060,1,-9,-9,2012,"HBI",0.0500343869018386
60034,1,-9,-9,2012,"HBI",0.0500343869018386
160047,1,-9,-9,2012,"HBI",0.0500343869018386
140032,1,-9,-9,2011,"HBI",0.0500343869018386
80148,1,-9,-9,2012,"HBI",0.0500343869018386
30099,1,-9,-9,2011,"HBI",0.0500343869018386
30611,1,-9,-9,2011,"HBI",0.0500343869018386
30158,1,-9,-9,2011,"HBI",0.0500343869018386
30605,1,-9,-9,2011,"HBI",0.0500343869018386
100080,1,-9,-9,2011,"HBI",0.0500343869018386
70084,1,-9,-9,2012,"HBI",0.0500343869018386
70072,1,-9,-9,2012,"HBI",0.0500343869018386
30112,1,-9,-9,2011,"HBI",0.0500343869018386
120009,1,-9,-9,2011,"HBI",0.0500343869018386
50075,1,-9,-9,2011,"HBI",0.0500343869018386
60092,1,-9,-9,2011,"HBI",0.0500343869018386
30602,1,-9,-9,2011,"HBI",0.0500343869018386
50007,1,-9,-9,2011,"HBI",0.0500343869018386
120035,1,-9,-9,2012,"HBI",0.0500343869018386
10018,1,-9,-9,2012,"HBI",0.0500343869018386
60117,1,-9,-9,2012,"HBI",0.0500343869018386
160014,1,-9,-9,2012,"HBI",0.0500343869018386
100015,1,-9,-9,2011,"HBI",0.0500343869018386
50002,1,-9,-9,2011,"HBI",0.0500343869018386
120151,1,-9,-9,2012,"HBI",0.0500343869018386
120119,1,-9,-9,2011,"HBI",0.0500343869018386
140045,1,-9,-9,2011,"HBI",0.0500343869018386
30514,1,-9,-9,2011,"HBI",0.0500343869018386
30013,1,-9,-9,2011,"HBI",0.0500343869018386
80177,1,-9,-9,2012,"HBI",0.0500343869018386
80098,1,-9,-9,2011,"HBI",0.0500343869018386
120136,1,-9,-9,2012,"HBI",0.0500343869018386
80047,1,-9,-9,2012,"HBI",0.0500343869018386
80138,1,-9,-9,2012,"HBI",0.0500343869018386
120107,1,-9,-9,2011,"HBI",0.0500343869018386
80122,1,-9,-9,2012,"HBI",0.0500343869018386
70137,1,-9,-9,2012,"HBI",0.0500343869018386
160019,1,-9,-9,2011,"HBI",0.0500343869018386
70132,1,-9,-9,2012,"HBI",0.0500343869018386
80178,1,-9,-9,2012,"HBI",0.0500343869018386
70017,1,-9,-9,2012,"HBI",0.0500343869018386
70056,1,-9,-9,2012,"HBI",0.0500343869018386
30518,1,-9,-9,2011,"HBI",0.0500343869018386
70008,1,-9,-9,2012,"HBI",0.0500343869018386
160018,1,-9,-9,2012,"HBI",0.0500343869018386
70073,1,-9,-9,2012,"HBI",0.0500343869018386
120047,1,-9,-9,2012,"HBI",0.0500343869018386
10002,1,-9,-9,2012,"HBI",0.0500343869018386
70002,1,-9,-9,2012,"HBI",0.0500343869018386
60081,1,-9,-9,2011,"HBI",0.0500343869018386
120015,1,-9,-9,2011,"HBI",0.0500343869018386
100044,1,-9,-9,2011,"HBI",0.0500343869018386
50019,1,-9,-9,2012,"HBI",0.0500343869018386
80194,1,-9,-9,2012,"HBI",0.0500343869018386
80287,1,-9,-9,2012,"HBI",0.0500343869018386
130057,1,-9,-9,2012,"HBI",0.0500343869018386
100086,1,-9,-9,2011,"HBI",0.0500343869018386
160096,1,-9,-9,2012,"HBI",0.0500343869018386
50100,1,-9,-9,2011,"HBI",0.0500343869018386
70045,1,-9,-9,2012,"HBI",0.0500343869018386
120093,1,-9,-9,2011,"HBI",0.0500343869018386
130080,1,-9,-9,2012,"HBI",0.0500343869018386
50130,1,-9,-9,2011,"HBI",0.0500343869018386
140067,1,-9,-9,2012,"HBI",0.0500343869018386
160079,1,-9,-9,2011,"HBI",0.0500343869018386
120132,1,-9,-9,2012,"HBI",0.0500343869018386
70123,1,-9,-9,2012,"HBI",0.0500343869018386
80073,1,-9,-9,2011,"HBI",0.0500343869018386
50124,1,-9,-9,2011,"HBI",0.0500343869018386
140024,1,-9,-9,2011,"HBI",0.0500343869018386
70079,1,-9,-9,2012,"HBI",0.0500343869018386
