"stand_type","compartiment","stand_component","inv","B_t_ha","C_t_ha","N_t_ha","BA_m2_ha","n_ha","n_SP","plot_ID","stand","dom_SP","SP_code"
"1","ag","DW","HBI",3.29048660654815,1.64524330327407,0.00364627419495313,NA,232.106089488663,NA,"all","all","all","all"
"1","ag","DW","momok",3.74329191984705,1.87164595992353,0.00607703462939995,NA,177.655597266092,NA,"all","all","all","all"
"1","ag","LT","HBI",121.095644961669,60.5478224808344,0.182740947950451,22.1714387148342,498.131750077997,1.9486301369863,"all","all","all","all"
"1","ag","LT","momok",216.34975351337,108.174876756685,0.32457885880501,39.0971702895132,692.251185256172,1.18181818181818,"all","all","all","all"
"1","ag","RG","HBI",NA,NA,NA,NA,5028.56570740093,2.92465753424658,"all","all","all","all"
"1","ag","RG","momok",NA,NA,NA,NA,2051.23796708506,1.90909090909091,"all","all","all","all"
"1","ag","all","HBI",210.201916650634,105.100958325317,0.315736386299552,NA,NA,NA,"all","all","all","all"
"1","ag","all","momok",240.249184106145,120.124592053072,0.365193474831453,NA,NA,NA,"all","all","all","all"
"1","bg","DW","HBI",0,0,0,NA,232.106089488663,NA,"all","all","all","all"
"1","bg","LT","HBI",16.4285491258627,8.21427456293135,0.0662076714468431,22.1714387148342,498.131750077997,1.9486301369863,"all","all","all","all"
"1","bg","LT","momok",33.3509784389358,16.6754892194679,0.129490270960873,39.0971702895132,692.251185256172,1.18181818181818,"all","all","all","all"
"1","bg","RG","HBI",0.346464530700303,0.173232265350152,NA,NA,5028.56570740093,2.92465753424658,"all","all","all","all"
"1","bg","RG","momok",NA,NA,NA,NA,2051.23796708506,1.90909090909091,"all","all","all","all"
"1","bg","all","HBI",27.2897638586421,13.644881929321,0.110840385412913,NA,NA,NA,"all","all","all","all"
"1","bg","all","momok",34.331840063298,17.165920031649,0.13771238585607,NA,NA,NA,"all","all","all","all"
"1","fwb","DW","HBI",1.81341964401452,0.906709822007262,0.00795715853117285,NA,232.106089488663,NA,"all","all","all","all"
"1","fwb","DW","momok",1.28757426847173,0.643787134235863,0.00592007280317951,NA,177.655597266092,NA,"all","all","all","all"
"1","fwb","LT","HBI",14.7589565524932,7.37947827624659,0.0649511498819974,22.1714387148342,498.131750077997,1.9486301369863,"all","all","all","all"
"1","fwb","LT","momok",30.2893421821615,15.1446710910808,0.131131826545705,39.0971702895132,692.251185256172,1.18181818181818,"all","all","all","all"
"1","fwb","RG","HBI",2.22119719533933,1.11059859766967,0.0101339662039788,NA,5028.56570740093,2.92465753424658,"all","all","all","all"
"1","fwb","RG","momok",NA,NA,NA,NA,2051.23796708506,1.90909090909091,"all","all","all","all"
"1","ndl","LT","HBI",7.00360289718393,3.50180144859197,0,22.1714387148342,498.131750077997,1.9486301369863,"all","all","all","all"
"1","ndl","LT","momok",15.394802067737,7.69740103386848,0,39.0971702895132,692.251185256172,1.18181818181818,"all","all","all","all"
"1","ndl","RG","HBI",0.30329586946105,0.151647934730525,0,NA,5028.56570740093,2.92465753424658,"all","all","all","all"
"1","ndl","RG","momok",NA,NA,0,NA,2051.23796708506,1.90909090909091,"all","all","all","all"
"1","sb","DW","HBI",0.475829446531876,0.237914723265938,0.00235064862395819,NA,232.106089488663,NA,"all","all","all","all"
"1","sb","DW","momok",0.109924699607756,0.0549623498038782,0.000780911893378054,NA,177.655597266092,NA,"all","all","all","all"
"1","sb","LT","HBI",7.76030060352205,3.88015030176102,0.0383651972865626,22.1714387148342,498.131750077997,1.9486301369863,"all","all","all","all"
"1","sb","LT","momok",13.7017463107223,6.85087315536117,0.0656811228420829,39.0971702895132,692.251185256172,1.18181818181818,"all","all","all","all"
"1","stb","DW","HBI",0.108811692943552,0.054405846471776,0.000529409445429452,NA,232.106089488663,NA,"all","all","all","all"
"1","stb","DW","momok",0.0178473947006361,0.00892369735031807,0.000128620865394798,NA,177.655597266092,NA,"all","all","all","all"
"1","stb","LT","HBI",0.335757949546578,0.167878974773289,0.00164653756970099,22.1714387148342,498.131750077997,1.9486301369863,"all","all","all","all"
"1","stb","LT","momok",0.593995327858182,0.296997663929091,0.00285366631258192,39.0971702895132,692.251185256172,1.18181818181818,"all","all","all","all"
"1","stw","DW","HBI",1.2975681399187,0.648784069959351,0.00106355102228399,NA,232.106089488663,NA,"all","all","all","all"
"1","stw","DW","momok",0.30672874681151,0.153364373405755,0.000408591698603948,NA,177.655597266092,NA,"all","all","all","all"
"1","stw","LT","HBI",3.87366253321996,1.93683126660998,0.00326472311381923,22.1714387148342,498.131750077997,1.9486301369863,"all","all","all","all"
"1","stw","LT","momok",6.94252827165842,3.47126413582921,0.00563015034843039,39.0971702895132,692.251185256172,1.18181818181818,"all","all","all","all"
"1","sw","DW","HBI",4.90714151416145,2.45357075708073,0.00412359356023992,NA,232.106089488663,NA,"all","all","all","all"
"1","sw","DW","momok",1.29499758530643,0.647498792653216,0.0017042752719099,NA,177.655597266092,NA,"all","all","all","all"
"1","sw","LT","HBI",86.9360641009033,43.4680320504516,0.0741772470589,22.1714387148342,498.131750077997,1.9486301369863,"all","all","all","all"
"1","sw","LT","momok",150.553252793414,75.276626396707,0.122051690798211,39.0971702895132,692.251185256172,1.18181818181818,"all","all","all","all"
"1","total","DW","HBI",0,0,0,NA,232.106089488663,NA,"all","all","all","all"
"1","total","LT","HBI",137.336554140978,68.6682770704892,0.248714873559098,22.1714387148342,498.131750077997,1.9486301369863,"all","all","all","all"
"1","total","LT","momok",251.134126566059,125.567063283029,0.457165324891695,39.0971702895132,692.251185256172,1.18181818181818,"all","all","all","all"
"1","total","RG","HBI",NA,NA,NA,NA,5028.56570740093,2.92465753424658,"all","all","all","all"
"1","total","RG","momok",NA,NA,NA,NA,2051.23796708506,1.90909090909091,"all","all","all","all"
"1","total","all","HBI",226.005920873109,113.002960436555,0.409762654228264,NA,NA,NA,"all","all","all","all"
"1","total","all","momok",262.203562115217,131.101781057609,0.482014425185061,NA,NA,NA,"all","all","all","all"
"2","ag","DW","HBI",1.97707211824283,0.988536059121415,0.00216594487867191,NA,151.681830873574,NA,"all","all","all","all"
"2","ag","DW","momok",3.40796625569631,1.70398312784816,0.00723736321324766,NA,155.377012286353,NA,"all","all","all","all"
"2","ag","LT","HBI",91.2988280872945,45.6494140436473,0.142279888616402,20.6976709510899,721.836969066418,2.16091954022989,"all","all","all","all"
"2","ag","LT","momok",55.5559081292219,27.7779540646109,0.0891934742278132,18.9217737925111,897.160766193767,1.44444444444444,"all","all","all","all"
"2","ag","RG","HBI",0.851934801505462,0.425967400752731,0.00406835071042819,NA,3006.85732109271,3.5632183908046,"all","all","all","all"
"2","ag","RG","momok",NA,NA,NA,NA,2472.61201662895,2.75,"all","all","all","all"
"2","ag","all","HBI",160.995239002254,80.4976195011269,0.249750221240403,NA,NA,NA,"all","all","all","all"
"2","ag","all","momok",96.4522306541051,48.2261153270526,0.156071021146401,NA,NA,NA,"all","all","all","all"
"2","bg","DW","HBI",0,0,0,NA,151.681830873574,NA,"all","all","all","all"
"2","bg","LT","HBI",17.2481936817429,8.62409684087144,0.0328269404028266,20.6976709510899,721.836969066418,2.16091954022989,"all","all","all","all"
"2","bg","LT","momok",11.9655535359828,5.98277676799138,0.0212254918457774,18.9217737925111,897.160766193767,1.44444444444444,"all","all","all","all"
"2","bg","RG","HBI",0.0972431286298925,0.0486215643149462,0.000261762935141464,NA,3006.85732109271,3.5632183908046,"all","all","all","all"
"2","bg","RG","momok",NA,NA,NA,NA,2472.61201662895,2.75,"all","all","all","all"
"2","bg","all","HBI",29.1174969403308,14.5587484701654,0.0546214472939222,NA,NA,NA,"all","all","all","all"
"2","bg","all","momok",18.3048301271641,9.15241506358205,0.0324369931090418,NA,NA,NA,"all","all","all","all"
"2","fwb","DW","HBI",0.673363894065976,0.336681947032988,0.00296498580413975,NA,151.681830873574,NA,"all","all","all","all"
"2","fwb","DW","momok",3.02040091671316,1.51020045835658,0.0138968646177973,NA,155.377012286353,NA,"all","all","all","all"
"2","fwb","LT","HBI",11.7003950742172,5.8501975371086,0.0507829996945164,20.6976709510899,721.836969066418,2.16091954022989,"all","all","all","all"
"2","fwb","LT","momok",10.5157891481419,5.25789457407094,0.0428876775731712,18.9217737925111,897.160766193767,1.44444444444444,"all","all","all","all"
"2","fwb","RG","HBI",1.61110585965505,0.805552929827525,0.00825782758009142,NA,3006.85732109271,3.5632183908046,"all","all","all","all"
"2","fwb","RG","momok",NA,NA,NA,NA,2472.61201662895,2.75,"all","all","all","all"
"2","ndl","LT","HBI",3.64980196453659,1.82490098226829,0,20.6976709510899,721.836969066418,2.16091954022989,"all","all","all","all"
"2","ndl","LT","momok",4.88365379642677,2.44182689821339,0,18.9217737925111,897.160766193767,1.44444444444444,"all","all","all","all"
"2","ndl","RG","HBI",0.0760922093024419,0.038046104651221,0,NA,3006.85732109271,3.5632183908046,"all","all","all","all"
"2","ndl","RG","momok",NA,NA,0,NA,2472.61201662895,2.75,"all","all","all","all"
"2","sb","DW","HBI",0.276789102645712,0.138394551322856,0.00137807343837979,NA,151.681830873574,NA,"all","all","all","all"
"2","sb","DW","momok",0.228222604336527,0.114111302168263,0.00164936476154008,NA,155.377012286353,NA,"all","all","all","all"
"2","sb","LT","HBI",6.80145672159427,3.40072836079713,0.0308972096350547,20.6976709510899,721.836969066418,2.16091954022989,"all","all","all","all"
"2","sb","LT","momok",3.9051244166525,1.95256220832625,0.0169639835069365,18.9217737925111,897.160766193767,1.44444444444444,"all","all","all","all"
"2","stb","DW","HBI",0.0277461970682997,0.0138730985341498,0.000136562482668751,NA,151.681830873574,NA,"all","all","all","all"
"2","stb","DW","momok",0.00774218768089652,0.00387109384044826,5.59527903698391e-05,NA,155.377012286353,NA,"all","all","all","all"
"2","stb","LT","HBI",0.237693538399474,0.118846769199737,0.00107123580069049,20.6976709510899,721.836969066418,2.16091954022989,"all","all","all","all"
"2","stb","LT","momok",0.128060211939995,0.0640301059699977,0.000556311006098568,18.9217737925111,897.160766193767,1.44444444444444,"all","all","all","all"
"2","stw","DW","HBI",0.317610112984595,0.158805056492298,0.000265967895494996,NA,151.681830873574,NA,"all","all","all","all"
"2","stw","DW","momok",0.113744445036388,0.0568722225181942,0.000151848834123579,NA,155.377012286353,NA,"all","all","all","all"
"2","stw","LT","HBI",2.31084482530292,1.15542241265146,0.00200094373162903,20.6976709510899,721.836969066418,2.16091954022989,"all","all","all","all"
"2","stw","LT","momok",1.20344147241347,0.601720736206736,0.000958487907534456,18.9217737925111,897.160766193767,1.44444444444444,"all","all","all","all"
"2","sw","DW","HBI",2.54953072933178,1.27476536466589,0.00217589919920065,NA,151.681830873574,NA,"all","all","all","all"
"2","sw","DW","momok",2.64765323972783,1.32382661986391,0.00353461707503665,NA,155.377012286353,NA,"all","all","all","all"
"2","sw","LT","HBI",66.9766282981732,33.4883141490866,0.0581945310478974,20.6976709510899,721.836969066418,2.16091954022989,"all","all","all","all"
"2","sw","LT","momok",34.95767988107,17.478839940535,0.0278686246921894,18.9217737925111,897.160766193767,1.44444444444444,"all","all","all","all"
"2","total","DW","HBI",0,0,0,NA,151.681830873574,NA,"all","all","all","all"
"2","total","LT","HBI",109.630050527311,54.8150252636557,0.176870048486641,20.6976709510899,721.836969066418,2.16091954022989,"all","all","all","all"
"2","total","LT","momok",69.4360019201429,34.7180009600715,0.112790710447742,18.9217737925111,897.160766193767,1.44444444444444,"all","all","all","all"
"2","total","RG","HBI",0.966587923988191,0.483293961994095,NA,NA,3006.85732109271,3.5632183908046,"all","all","all","all"
"2","total","RG","momok",NA,NA,NA,NA,2472.61201662895,2.75,"all","all","all","all"
"2","total","all","HBI",183.910157308443,91.9550786542214,0.295373310905767,NA,NA,NA,"all","all","all","all"
"2","total","all","momok",106.029274950249,53.0146374751247,0.169137524541545,NA,NA,NA,"all","all","all","all"
"3","ag","DW","HBI",2.64457347949743,1.32228673974872,0.00244150530973394,NA,203.182063274655,NA,"all","all","all","all"
"3","ag","LT","HBI",105.942038795367,52.9710193976836,0.181289861661224,17.7997177528157,407.010459818627,2.64814814814815,"all","all","all","all"
"3","ag","RG","HBI",1.1520590210027,0.576029510501351,0.00481187776466144,NA,4853.91343815207,4.09259259259259,"all","all","all","all"
"3","ag","all","HBI",205.561877422487,102.780938711243,0.352916409692545,NA,NA,NA,"all","all","all","all"
"3","bg","LT","HBI",17.1710950663092,8.5855475331546,0.0662932307905761,17.7997177528157,407.010459818627,2.64814814814815,"all","all","all","all"
"3","bg","RG","HBI",0.279513705662102,0.139756852831051,0.00111282411434021,NA,4853.91343815207,4.09259259259259,"all","all","all","all"
"3","bg","all","HBI",31.0815821013995,15.5407910506997,0.11987518728818,NA,NA,NA,"all","all","all","all"
"3","fwb","DW","HBI",0.44626401879987,0.223132009399935,0.00193812463364783,NA,203.182063274655,NA,"all","all","all","all"
"3","fwb","LT","HBI",17.3113003544575,8.65565017722877,0.0754714784353318,17.7997177528157,407.010459818627,2.64814814814815,"all","all","all","all"
"3","fwb","RG","HBI",1.94110584443495,0.970552922217476,0.00893052729562897,NA,4853.91343815207,4.09259259259259,"all","all","all","all"
"3","ndl","LT","HBI",8.68267155879993,4.34133577939996,0,17.7997177528157,407.010459818627,2.64814814814815,"all","all","all","all"
"3","ndl","RG","HBI",0.220368313030517,0.110184156515258,0,NA,4853.91343815207,4.09259259259259,"all","all","all","all"
"3","sb","DW","HBI",0.337442133278653,0.168721066639326,0.00163321992506868,NA,203.182063274655,NA,"all","all","all","all"
"3","sb","LT","HBI",9.774342516546,4.887171258273,0.0478009549479793,17.7997177528157,407.010459818627,2.64814814814815,"all","all","all","all"
"3","stb","DW","HBI",0.105809180109508,0.0529045900547542,0.000516125023149165,NA,203.182063274655,NA,"all","all","all","all"
"3","stb","LT","HBI",0.330262746471581,0.165131373235791,0.00160718377643475,17.7997177528157,407.010459818627,2.64814814814815,"all","all","all","all"
"3","stw","DW","HBI",1.29878127607014,0.649390638035069,0.00107218526713446,NA,203.182063274655,NA,"all","all","all","all"
"3","stw","LT","HBI",2.59162282989054,1.29581141494527,0.00222516375229676,17.7997177528157,407.010459818627,2.64814814814815,"all","all","all","all"
"3","sw","DW","HBI",2.83945388648686,1.41972694324343,0.00230563655582733,NA,203.182063274655,NA,"all","all","all","all"
"3","sw","LT","HBI",70.0487032771541,35.024351638577,0.0605371422371293,17.7997177528157,407.010459818627,2.64814814814815,"all","all","all","all"
"3","total","LT","HBI",123.827665836692,61.913832918346,0.248716910745029,17.7997177528157,407.010459818627,2.64814814814815,"all","all","all","all"
"3","total","RG","HBI",1.47353286669285,0.736766433346424,NA,NA,4853.91343815207,4.09259259259259,"all","all","all","all"
"3","total","all","HBI",228.536771632614,114.268385816307,0.458249733747887,NA,NA,NA,"all","all","all","all"
"4","ag","DW","HBI",2.52310126540123,1.26155063270061,0.00378338745298848,NA,160.50887799441,NA,"all","all","all","all"
"4","ag","LT","HBI",179.032363125437,89.5161815627185,0.38199389155141,19.3239784268394,372.491276583867,1.98947368421053,"all","all","all","all"
"4","ag","RG","HBI",NA,NA,NA,NA,11369.8356720735,2.39473684210526,"all","all","all","all"
"4","ag","all","HBI",283.810076901833,141.905038450916,0.608856558170212,NA,NA,NA,"all","all","all","all"
"4","bg","LT","HBI",15.3097871384648,7.65489356923238,0.0475867036630275,19.3239784268394,372.491276583867,1.98947368421053,"all","all","all","all"
"4","bg","RG","HBI",NA,NA,NA,NA,11369.8356720735,2.39473684210526,"all","all","all","all"
"4","bg","all","HBI",22.3278013235344,11.1639006617672,0.0691107865612424,NA,NA,NA,"all","all","all","all"
"4","fwb","DW","HBI",1.57779212107581,0.788896060537904,0.00796212672904165,NA,160.50887799441,NA,"all","all","all","all"
"4","fwb","LT","HBI",25.3672132911392,12.6836066455696,0.117773490396753,19.3239784268394,372.491276583867,1.98947368421053,"all","all","all","all"
"4","fwb","RG","HBI",NA,NA,NA,NA,11369.8356720735,2.39473684210526,"all","all","all","all"
"4","ndl","LT","HBI",2.19842220361347,1.09921110180673,0,19.3239784268394,372.491276583867,1.98947368421053,"all","all","all","all"
"4","ndl","RG","HBI",NA,NA,NA,NA,11369.8356720735,2.39473684210526,"all","all","all","all"
"4","sb","DW","HBI",0.748816726987264,0.374408363493632,0.00499439175457459,NA,160.50887799441,NA,"all","all","all","all"
"4","sb","LT","HBI",10.4413940735521,5.22069703677606,0.0738245376183851,19.3239784268394,372.491276583867,1.98947368421053,"all","all","all","all"
"4","stb","DW","HBI",0.0545124994070569,0.0272562497035285,0.000338870156539682,NA,160.50887799441,NA,"all","all","all","all"
"4","stb","LT","HBI",0.256010248496835,0.128005124248418,0.00179460232922819,19.3239784268394,372.491276583867,1.98947368421053,"all","all","all","all"
"4","stw","DW","HBI",0.827395300313437,0.413697650156719,0.000979686015355096,NA,160.50887799441,NA,"all","all","all","all"
"4","stw","LT","HBI",4.34218968160536,2.17109484080268,0.0058079638638265,19.3239784268394,372.491276583867,1.98947368421053,"all","all","all","all"
"4","sw","DW","HBI",7.59852013015105,3.79926006507553,0.0108419712696432,NA,160.50887799441,NA,"all","all","all","all"
"4","sw","LT","HBI",137.543996302099,68.7719981510493,0.184570872406847,19.3239784268394,372.491276583867,1.98947368421053,"all","all","all","all"
"4","total","LT","HBI",193.26492376618,96.63246188309,0.427546551985854,19.3239784268394,372.491276583867,1.98947368421053,"all","all","all","all"
"4","total","RG","HBI",NA,NA,NA,NA,11369.8356720735,2.39473684210526,"all","all","all","all"
"4","total","all","HBI",298.285942385225,149.142971192613,0.660232572720227,NA,NA,NA,"all","all","all","all"
"5","ag","DW","HBI",3.57828310563347,1.78914155281673,0.00785850419262183,NA,137.69128232759,NA,"all","all","all","all"
"5","ag","LT","HBI",106.77566857156,53.3878342857802,0.292310655724355,14.9517860309322,581.586297928234,2.88709677419355,"all","all","all","all"
"5","ag","RG","HBI",NA,NA,NA,NA,3141.26226597862,3.35483870967742,"all","all","all","all"
"5","ag","all","HBI",221.602866489262,110.801433244631,0.609195000953818,NA,NA,NA,"all","all","all","all"
"5","bg","DW","HBI",0,0,0,NA,137.69128232759,NA,"all","all","all","all"
"5","bg","LT","HBI",21.8042970198508,10.9021485099254,0.079378262763267,14.9517860309322,581.586297928234,2.88709677419355,"all","all","all","all"
"5","bg","RG","HBI",0.012013642355346,0.00600682117767297,NA,NA,3141.26226597862,3.35483870967742,"all","all","all","all"
"5","bg","all","HBI",42.887426573925,21.4437132869625,0.156331444764816,NA,NA,NA,"all","all","all","all"
"5","fwb","DW","HBI",4.1164233419381,2.05821167096905,0.0252409260991015,NA,137.69128232759,NA,"all","all","all","all"
"5","fwb","LT","HBI",15.5235398167788,7.7617699083894,0.0908883024629502,14.9517860309322,581.586297928234,2.88709677419355,"all","all","all","all"
"5","fwb","RG","HBI",1.56036534598752,0.780182672993758,0.00801103128468765,NA,3141.26226597862,3.35483870967742,"all","all","all","all"
"5","ndl","LT","HBI",1.95123710203104,0.97561855101552,0,14.9517860309322,581.586297928234,2.88709677419355,"all","all","all","all"
"5","ndl","RG","HBI",0.00828800511093958,0.00414400255546979,0,NA,3141.26226597862,3.35483870967742,"all","all","all","all"
"5","sb","DW","HBI",1.58336442409437,0.791682212047188,0.0103148046204179,NA,137.69128232759,NA,"all","all","all","all"
"5","sb","LT","HBI",10.7258342284057,5.36291711420285,0.0700781363486806,14.9517860309322,581.586297928234,2.88709677419355,"all","all","all","all"
"5","stb","DW","HBI",0.0592038081217434,0.0296019040608717,0.000379163741930707,NA,137.69128232759,NA,"all","all","all","all"
"5","stb","LT","HBI",0.298592619219323,0.149296309609661,0.00194679379642915,14.9517860309322,581.586297928234,2.88709677419355,"all","all","all","all"
"5","stw","DW","HBI",0.517194728080752,0.258597364040376,0.000834030757394576,NA,137.69128232759,NA,"all","all","all","all"
"5","stw","LT","HBI",2.46018886996438,1.23009443498219,0.0041094465813436,14.9517860309322,581.586297928234,2.88709677419355,"all","all","all","all"
"5","sw","DW","HBI",11.1957316569121,5.59786582845603,0.0194085309976492,NA,137.69128232759,NA,"all","all","all","all"
"5","sw","LT","HBI",78.3740815003993,39.1870407501997,0.131379161289995,14.9517860309322,581.586297928234,2.88709677419355,"all","all","all","all"
"5","total","DW","HBI",0,0,0,NA,137.69128232759,NA,"all","all","all","all"
"5","total","LT","HBI",132.208278950654,66.1041394753269,0.381455340193953,14.9517860309322,581.586297928234,2.88709677419355,"all","all","all","all"
"5","total","RG","HBI",NA,NA,NA,NA,3141.26226597862,3.35483870967742,"all","all","all","all"
"5","total","all","HBI",255.184627259797,127.592313629898,0.742674757300335,NA,NA,NA,"all","all","all","all"
"6","ag","DW","HBI",3.43951963171999,1.71975981585999,0.00456268365557171,NA,190.187672041392,NA,"all","all","all","all"
"6","ag","LT","HBI",75.7231159503596,37.8615579751798,0.14558873669825,11.994552157507,546.810983661069,3.75,"all","all","all","all"
"6","ag","RG","HBI",1.23529694938474,0.617648474692372,0.00556265989531953,NA,3717.089463184,3.65217391304348,"all","all","all","all"
"6","ag","all","HBI",193.990483615332,96.9952418076662,0.375750926061826,NA,NA,NA,"all","all","all","all"
"6","bg","DW","HBI",0,0,0,NA,190.187672041392,NA,"all","all","all","all"
"6","bg","LT","HBI",10.9826461954912,5.49132309774562,0.032157702129732,11.994552157507,546.810983661069,3.75,"all","all","all","all"
"6","bg","RG","HBI",0.130590685011446,0.0652953425057229,0.000525167474229006,NA,3717.089463184,3.65217391304348,"all","all","all","all"
"6","bg","all","HBI",25.8377469380959,12.918873469048,0.0757318244076794,NA,NA,NA,"all","all","all","all"
"6","fwb","DW","HBI",2.57858095771967,1.28929047885984,0.0118965044249688,NA,190.187672041392,NA,"all","all","all","all"
"6","fwb","LT","HBI",11.421197825247,5.71059891262348,0.0533306790001514,11.994552157507,546.810983661069,3.75,"all","all","all","all"
"6","fwb","RG","HBI",2.09308162919168,1.04654081459584,0.00984087367825588,NA,3717.089463184,3.65217391304348,"all","all","all","all"
"6","ndl","LT","HBI",2.64325472655261,1.3216273632763,0,11.994552157507,546.810983661069,3.75,"all","all","all","all"
"6","ndl","RG","HBI",0.0945587981726161,0.047279399086308,0,NA,3717.089463184,3.65217391304348,"all","all","all","all"
"6","sb","DW","HBI",0.47947806195311,0.239739030976555,0.00274754741605031,NA,190.187672041392,NA,"all","all","all","all"
"6","sb","LT","HBI",5.12158442523187,2.56079221261594,0.0286897665683455,11.994552157507,546.810983661069,3.75,"all","all","all","all"
"6","stb","DW","HBI",0.0682820830047278,0.0341410415023639,0.000352864536005558,NA,190.187672041392,NA,"all","all","all","all"
"6","stb","LT","HBI",0.161991044265472,0.0809955221327361,0.00087747558125015,11.994552157507,546.810983661069,3.75,"all","all","all","all"
"6","stw","DW","HBI",0.864837653524705,0.432418826762353,0.00079547078504508,NA,190.187672041392,NA,"all","all","all","all"
"6","stw","LT","HBI",1.96666837764266,0.98333418882133,0.00213815979901156,11.994552157507,546.810983661069,3.75,"all","all","all","all"
"6","sw","DW","HBI",4.55196807026614,2.27598403513307,0.00513477495783939,NA,190.187672041392,NA,"all","all","all","all"
"6","sw","LT","HBI",54.904713783108,27.452356891554,0.0612789157723709,11.994552157507,546.810983661069,3.75,"all","all","all","all"
"6","total","DW","HBI",0,0,0,NA,190.187672041392,NA,"all","all","all","all"
"6","total","LT","HBI",86.9450438406373,43.4725219203186,0.178055571747685,11.994552157507,546.810983661069,3.75,"all","all","all","all"
"6","total","RG","HBI",1.38117833932132,0.690589169660658,NA,NA,3717.089463184,3.65217391304348,"all","all","all","all"
"6","total","all","HBI",206.931362884061,103.46568144203,0.429398434206009,NA,NA,NA,"all","all","all","all"
"7","ag","DW","HBI",2.54745371753999,1.27372685877,0.00283946979937988,NA,156.347500332094,NA,"all","all","all","all"
"7","ag","LT","HBI",89.5707374730433,44.7853687365217,0.186940779390626,12.8432281210878,586.883901676943,3.8,"all","all","all","all"
"7","ag","RG","HBI",NA,NA,NA,NA,6073.55220580841,3.08,"all","all","all","all"
"7","ag","all","HBI",216.947392225061,108.47369611253,0.450938861815214,NA,NA,NA,"all","all","all","all"
"7","bg","LT","HBI",11.3992314257018,5.69961571285088,0.0356309409398914,12.8432281210878,586.883901676943,3.8,"all","all","all","all"
"7","bg","RG","HBI",0.199209006998581,0.0996045034992903,NA,NA,6073.55220580841,3.08,"all","all","all","all"
"7","bg","all","HBI",25.7362129300877,12.8681064650439,0.0806499540121421,NA,NA,NA,"all","all","all","all"
"7","fwb","DW","HBI",1.02902543923957,0.514512719619783,0.0045141563346595,NA,156.347500332094,NA,"all","all","all","all"
"7","fwb","LT","HBI",13.3195231441083,6.65976157205416,0.0643005904398667,12.8432281210878,586.883901676943,3.8,"all","all","all","all"
"7","fwb","RG","HBI",2.59733621840175,1.29866810920088,0.0128164383953952,NA,6073.55220580841,3.08,"all","all","all","all"
"7","ndl","LT","HBI",2.47765247802798,1.23882623901399,0,12.8432281210878,586.883901676943,3.8,"all","all","all","all"
"7","ndl","RG","HBI",0.145228631353022,0.0726143156765109,0,NA,6073.55220580841,3.08,"all","all","all","all"
"7","sb","DW","HBI",0.400725415470192,0.200362707735096,0.00202273920849238,NA,156.347500332094,NA,"all","all","all","all"
"7","sb","LT","HBI",6.07466030538287,3.03733015269143,0.0373987584588467,12.8432281210878,586.883901676943,3.8,"all","all","all","all"
"7","stb","DW","HBI",0.0376621975676849,0.0188310987838425,0.000192982452563637,NA,156.347500332094,NA,"all","all","all","all"
"7","stb","LT","HBI",0.183907233486495,0.0919536167432473,0.00109183601709561,12.8432281210878,586.883901676943,3.8,"all","all","all","all"
"7","stw","DW","HBI",0.468634035842509,0.234317017921255,0.000420619016089949,NA,156.347500332094,NA,"all","all","all","all"
"7","stw","LT","HBI",2.24124909054263,1.12062454527132,0.0027342502284687,12.8432281210878,586.883901676943,3.8,"all","all","all","all"
"7","sw","DW","HBI",4.0764484494272,2.0382242247136,0.00351483406420046,NA,156.347500332094,NA,"all","all","all","all"
"7","sw","LT","HBI",65.2383311733881,32.619165586694,0.0815904217738341,12.8432281210878,586.883901676943,3.8,"all","all","all","all"
"7","total","LT","HBI",100.456037809337,50.2280189046686,0.220965243634651,12.8432281210878,586.883901676943,3.8,"all","all","all","all"
"7","total","RG","HBI",NA,NA,NA,NA,6073.55220580841,3.08,"all","all","all","all"
"7","total","all","HBI",233.233283247251,116.616641623625,0.517573147305885,NA,NA,NA,"all","all","all","all"
"8","ag","DW","HBI",2.37611088238314,1.18805544119157,0.00335537526513805,NA,168.615001516892,NA,"all","all","all","all"
"8","ag","DW","momok",3.3230345643275,1.66151728216375,0.00412978960999351,NA,186.176307298012,NA,"all","all","all","all"
"8","ag","LT","HBI",97.4267806627889,48.7133903313945,0.271124880600368,14.9128278404799,618.344269453764,2.625,"all","all","all","all"
"8","ag","LT","momok",115.060216922246,57.5301084611229,0.417603131599425,24.0815449852157,829.429569736069,1.4,"all","all","all","all"
"8","ag","RG","HBI",1.10763223828923,0.553816119144613,0.00578213404416439,NA,5836.09112148046,3.375,"all","all","all","all"
"8","ag","RG","momok",NA,NA,NA,NA,1844.31482874461,2.75,"all","all","all","all"
"8","ag","all","HBI",175.035171857515,87.5175859287576,0.494748608164075,NA,NA,NA,"all","all","all","all"
"8","ag","all","momok",148.147974834718,74.0739874173589,0.50801930148939,NA,NA,NA,"all","all","all","all"
"8","bg","DW","HBI",0,0,0,NA,168.615001516892,NA,"all","all","all","all"
"8","bg","LT","HBI",7.43130583484239,3.7156529174212,0.0245771354945469,14.9128278404799,618.344269453764,2.625,"all","all","all","all"
"8","bg","LT","momok",5.58497506159456,2.79248753079728,0.0206644077278999,24.0815449852157,829.429569736069,1.4,"all","all","all","all"
"8","bg","RG","HBI",0.0243719768366404,0.0121859884183202,8.98723128665036e-05,NA,5836.09112148046,3.375,"all","all","all","all"
"8","bg","RG","momok",NA,NA,NA,NA,1844.31482874461,2.75,"all","all","all","all"
"8","bg","all","HBI",12.6491715230084,6.32458576150418,0.041928622130412,NA,NA,NA,"all","all","all","all"
"8","bg","all","momok",6.3651139325473,3.18255696627365,0.023550921550425,NA,NA,NA,"all","all","all","all"
"8","fwb","DW","HBI",1.30365623890866,0.65182811945433,0.00602639562130988,NA,168.615001516892,NA,"all","all","all","all"
"8","fwb","DW","momok",1.55380520059413,0.776902600297064,0.00682734000889759,NA,186.176307298012,NA,"all","all","all","all"
"8","fwb","LT","HBI",16.2194284819449,8.10971424097246,0.0885199178234476,14.9128278404799,618.344269453764,2.625,"all","all","all","all"
"8","fwb","LT","momok",25.8548713680865,12.9274356840433,0.178327866821242,24.0815449852157,829.429569736069,1.4,"all","all","all","all"
"8","fwb","RG","HBI",2.1356480978034,1.0678240489017,0.0113077044123637,NA,5836.09112148046,3.375,"all","all","all","all"
"8","fwb","RG","momok",NA,NA,NA,NA,1844.31482874461,2.75,"all","all","all","all"
"8","ndl","LT","HBI",1.83040803409167,0.915204017045834,0,14.9128278404799,618.344269453764,2.625,"all","all","all","all"
"8","ndl","LT","momok",2.97784820661488,1.48892410330744,0,24.0815449852157,829.429569736069,1.4,"all","all","all","all"
"8","ndl","RG","HBI",0.0181349553281194,0.00906747766405971,0,NA,5836.09112148046,3.375,"all","all","all","all"
"8","ndl","RG","momok",NA,NA,0,NA,1844.31482874461,2.75,"all","all","all","all"
"8","sb","DW","HBI",0.438013206679707,0.219006603339854,0.00301957999614069,NA,168.615001516892,NA,"all","all","all","all"
"8","sb","DW","momok",0.741128601735068,0.370564300867534,0.00369196004853368,NA,186.176307298012,NA,"all","all","all","all"
"8","sb","LT","HBI",6.67314397745077,3.33657198872539,0.0497145831983065,14.9128278404799,618.344269453764,2.625,"all","all","all","all"
"8","sb","LT","momok",5.98122095825682,2.99061047912841,0.05782587195217,24.0815449852157,829.429569736069,1.4,"all","all","all","all"
"8","stb","DW","HBI",0.0439775966415934,0.0219887983207967,0.000243539021520173,NA,168.615001516892,NA,"all","all","all","all"
"8","stb","DW","momok",0.0353253567102289,0.0176626783551145,0.000172536949232345,NA,186.176307298012,NA,"all","all","all","all"
"8","stb","LT","HBI",0.204479885945364,0.102239942972682,0.0014939426879817,14.9128278404799,618.344269453764,2.625,"all","all","all","all"
"8","stb","LT","momok",0.15354902058525,0.076774510292625,0.0014741159827811,24.0815449852157,829.429569736069,1.4,"all","all","all","all"
"8","stw","DW","HBI",0.587621730285133,0.293810865142566,0.000596915771460492,NA,168.615001516892,NA,"all","all","all","all"
"8","stw","DW","momok",0.384786854006504,0.192393427003252,0.000317744253960654,NA,186.176307298012,NA,"all","all","all","all"
"8","stw","LT","HBI",2.34294493529469,1.17147246764734,0.00411544793744311,14.9128278404799,618.344269453764,2.625,"all","all","all","all"
"8","stw","LT","momok",2.62536783832919,1.3126839191646,0.0060544351731206,24.0815449852157,829.429569736069,1.4,"all","all","all","all"
"8","sw","DW","HBI",5.19568156285072,2.59784078142537,0.00678371864828133,NA,168.615001516892,NA,"all","all","all","all"
"8","sw","DW","momok",6.35992870794893,3.17996435397446,0.00545869002770718,NA,186.176307298012,NA,"all","all","all","all"
"8","sw","LT","HBI",68.8141192890755,34.4070596445378,0.123349093378289,14.9128278404799,618.344269453764,2.625,"all","all","all","all"
"8","sw","LT","momok",81.6213227241744,40.8106613620872,0.188196153316456,24.0815449852157,829.429569736069,1.4,"all","all","all","all"
"8","total","DW","HBI",0,0,0,NA,168.615001516892,NA,"all","all","all","all"
"8","total","LT","HBI",102.199199956489,51.0995999782444,0.287348130274138,14.9128278404799,618.344269453764,2.625,"all","all","all","all"
"8","total","LT","momok",123.415549017804,61.7077745089019,0.448042120540292,24.0815449852157,829.429569736069,1.4,"all","all","all","all"
"8","total","RG","HBI",1.18702170592505,0.593510852962525,NA,NA,5836.09112148046,3.375,"all","all","all","all"
"8","total","RG","momok",NA,NA,NA,NA,1844.31482874461,2.75,"all","all","all","all"
"8","total","all","HBI",181.643122796528,90.8215613982639,0.523161752275288,NA,NA,NA,"all","all","all","all"
"8","total","all","momok",144.362788560533,72.1813942802663,0.519182426117125,NA,NA,NA,"all","all","all","all"
"9","ag","DW","HBI",2.54386968072169,1.27193484036084,0.00246479949694392,NA,186.62636692993,NA,"all","all","all","all"
"9","ag","DW","momok",3.2382044726563,1.61910223632815,0.00818140732196298,NA,94.9347097890682,NA,"all","all","all","all"
"9","ag","LT","HBI",86.9091128012219,43.454556400611,0.139817798383148,15.2506446607789,569.775383922999,3.78,"all","all","all","all"
"9","ag","LT","momok",26.8549222843595,13.4274611421798,0.049597775747693,8.68776732276642,719.505168927674,5,"all","all","all","all"
"9","ag","RG","HBI",0.971740488290777,0.485870244145389,0.00399723970513371,NA,4689.12454323311,3.57,"all","all","all","all"
"9","ag","RG","momok",NA,NA,NA,NA,1014.31054576051,4,"all","all","all","all"
"9","ag","all","HBI",211.646259602125,105.823129801062,0.341250508547965,NA,NA,NA,"all","all","all","all"
"9","ag","all","momok",94.2583861011161,47.1291930505581,0.184499007698716,NA,NA,NA,"all","all","all","all"
"9","bg","LT","HBI",13.7488978133812,6.87444890669061,0.0443071663324927,15.2506446607789,569.775383922999,3.78,"all","all","all","all"
"9","bg","LT","momok",7.08867129090147,3.54433564545074,0.0130175288413576,8.68776732276642,719.505168927674,5,"all","all","all","all"
"9","bg","RG","HBI",0.249604734218487,0.124802367109244,0.000949900897209582,NA,4689.12454323311,3.57,"all","all","all","all"
"9","bg","RG","momok",NA,NA,NA,NA,1014.31054576051,4,"all","all","all","all"
"9","bg","all","HBI",31.994747229214,15.997373614607,0.103251156120837,NA,NA,NA,"all","all","all","all"
"9","bg","all","momok",16.5402330121034,8.27011650605172,0.0303742339631677,NA,NA,NA,"all","all","all","all"
"9","fwb","DW","HBI",0.577566146481699,0.288783073240849,0.00257878185590619,NA,186.62636692993,NA,"all","all","all","all"
"9","fwb","DW","momok",4.60930666773085,2.30465333386543,0.0212074199782297,NA,94.9347097890682,NA,"all","all","all","all"
"9","fwb","LT","HBI",11.9120758944107,5.95603794720534,0.0521638828181571,15.2506446607789,569.775383922999,3.78,"all","all","all","all"
"9","fwb","LT","momok",5.83727982918306,2.91863991459153,0.0262833052166086,8.68776732276642,719.505168927674,5,"all","all","all","all"
"9","fwb","RG","HBI",1.58558193988448,0.792790969942239,0.00723449725294405,NA,4689.12454323311,3.57,"all","all","all","all"
"9","fwb","RG","momok",NA,NA,NA,NA,1014.31054576051,4,"all","all","all","all"
"9","ndl","LT","HBI",5.09267451116196,2.54633725558098,0,15.2506446607789,569.775383922999,3.78,"all","all","all","all"
"9","ndl","LT","momok",2.85769812186854,1.42884906093427,0,8.68776732276642,719.505168927674,5,"all","all","all","all"
"9","ndl","RG","HBI",0.191228392761321,0.0956141963806607,0,NA,4689.12454323311,3.57,"all","all","all","all"
"9","ndl","RG","momok",NA,NA,0,NA,1014.31054576051,4,"all","all","all","all"
"9","sb","DW","HBI",0.281430656954615,0.140715328477307,0.00139742463248633,NA,186.62636692993,NA,"all","all","all","all"
"9","sb","DW","momok",0.426028693636193,0.213014346818097,0.00307890936890877,NA,94.9347097890682,NA,"all","all","all","all"
"9","sb","LT","HBI",6.40454934472177,3.20227467236088,0.0313243724708875,15.2506446607789,569.775383922999,3.78,"all","all","all","all"
"9","sb","LT","momok",1.87343329977669,0.936716649888347,0.00835338352173977,8.68776732276642,719.505168927674,5,"all","all","all","all"
"9","stb","DW","HBI",0.0590859374720546,0.0295429687360273,0.000289746791483389,NA,186.62636692993,NA,"all","all","all","all"
"9","stb","DW","momok",0.0128605761696402,0.00643028808482009,9.29433839779898e-05,NA,94.9347097890682,NA,"all","all","all","all"
"9","stb","LT","HBI",0.237017928261793,0.118508964130896,0.00114788105886797,15.2506446607789,569.775383922999,3.78,"all","all","all","all"
"9","stb","LT","momok",0.0587960174416473,0.0293980087208237,0.000262482574640603,8.68776732276642,719.505168927674,5,"all","all","all","all"
"9","stw","DW","HBI",0.696262800756772,0.348131400378386,0.000579417699969294,NA,186.62636692993,NA,"all","all","all","all"
"9","stw","DW","momok",0.206484901865318,0.103242450932659,0.0002756573439902,NA,94.9347097890682,NA,"all","all","all","all"
"9","stw","LT","HBI",2.41757014408886,1.20878507204443,0.00210952543653312,15.2506446607789,569.775383922999,3.78,"all","all","all","all"
"9","stw","LT","momok",0.693799324601074,0.346899662300537,0.000619842579174624,8.68776732276642,719.505168927674,5,"all","all","all","all"
"9","sw","DW","HBI",2.3889942372743,1.19449711863715,0.00202872657789694,NA,186.62636692993,NA,"all","all","all","all"
"9","sw","DW","momok",5.91771897729998,2.95885948864999,0.00790015483469547,NA,94.9347097890682,NA,"all","all","all","all"
"9","sw","LT","HBI",61.4329147143869,30.7164573571935,0.0543339835847754,15.2506446607789,569.775383922999,3.78,"all","all","all","all"
"9","sw","LT","momok",20.9868908737623,10.4934454368811,0.0182783631225878,8.68776732276642,719.505168927674,5,"all","all","all","all"
"9","total","LT","HBI",102.497770168325,51.2488850841624,0.187307998651,15.2506446607789,569.775383922999,3.78,"all","all","all","all"
"9","total","LT","momok",41.6164285136494,20.8082142568247,0.0767860976598201,8.68776732276642,719.505168927674,5,"all","all","all","all"
"9","total","RG","HBI",1.16820329447681,0.584101647238403,NA,NA,4689.12454323311,3.57,"all","all","all","all"
"9","total","RG","momok",NA,NA,NA,NA,1014.31054576051,4,"all","all","all","all"
"9","total","all","HBI",235.535904698904,117.767952349452,0.433643792504844,NA,NA,NA,"all","all","all","all"
"9","total","all","momok",97.104999865182,48.552499932591,0.179167561206247,NA,NA,NA,"all","all","all","all"
"10","ag","DW","HBI",2.83199034732563,1.41599517366282,0.00440777786999311,NA,164.821710775279,NA,"all","all","all","all"
"10","ag","LT","HBI",89.5575017799506,44.7787508899753,0.21564885308556,11.6151450629276,568.71897787767,3.91959798994975,"all","all","all","all"
"10","ag","RG","HBI",NA,NA,NA,NA,9631.63358831731,3.71859296482412,"all","all","all","all"
"10","ag","all","HBI",211.750267210863,105.875133605431,0.512207153101813,NA,NA,NA,"all","all","all","all"
"10","bg","DW","HBI",0,0,0,NA,164.821710775279,NA,"all","all","all","all"
"10","bg","LT","HBI",11.4528991936307,5.72644959681536,0.0388574786717384,11.6151450629276,568.71897787767,3.91959798994975,"all","all","all","all"
"10","bg","RG","HBI",NA,NA,NA,NA,9631.63358831731,3.71859296482412,"all","all","all","all"
"10","bg","all","HBI",25.3324965824954,12.6662482912477,0.0858067520253158,NA,NA,NA,"all","all","all","all"
"10","fwb","DW","HBI",1.64555829204402,0.822779146022009,0.00839745826203072,NA,164.821710775279,NA,"all","all","all","all"
"10","fwb","LT","HBI",13.6562235901245,6.82811179506223,0.068042831354109,11.6151450629276,568.71897787767,3.91959798994975,"all","all","all","all"
"10","fwb","RG","HBI",NA,NA,NA,NA,9631.63358831731,3.71859296482412,"all","all","all","all"
"10","ndl","LT","HBI",1.49103999286624,0.745519996433122,0,11.6151450629276,568.71897787767,3.91959798994975,"all","all","all","all"
"10","ndl","RG","HBI",NA,NA,0,NA,9631.63358831731,3.71859296482412,"all","all","all","all"
"10","sb","DW","HBI",0.574170257077425,0.287085128538712,0.00379416264765764,NA,164.821710775279,NA,"all","all","all","all"
"10","sb","LT","HBI",6.70331864792519,3.35165932396259,0.044630174083065,11.6151450629276,568.71897787767,3.91959798994975,"all","all","all","all"
"10","stb","DW","HBI",0.0538867075132058,0.0269433537566029,0.000331744183305939,NA,164.821710775279,NA,"all","all","all","all"
"10","stb","LT","HBI",0.192034127751556,0.096017063875778,0.00126893254307289,11.6151450629276,568.71897787767,3.91959798994975,"all","all","all","all"
"10","stw","DW","HBI",0.628594741123341,0.314297370561671,0.00080505406728348,NA,164.821710775279,NA,"all","all","all","all"
"10","stw","LT","HBI",2.14824682270198,1.07412341135099,0.00317423026894367,11.6151450629276,568.71897787767,3.91959798994975,"all","all","all","all"
"10","sw","DW","HBI",4.80352533894771,2.40176266947385,0.00736498816919141,NA,164.821710775279,NA,"all","all","all","all"
"10","sw","LT","HBI",64.3049913766829,32.1524956883415,0.0957492560233322,11.6151450629276,568.71897787767,3.91959798994975,"all","all","all","all"
"10","total","DW","HBI",0,0,0,NA,164.821710775279,NA,"all","all","all","all"
"10","total","LT","HBI",100.022666330821,50.0113331654105,0.252063147417304,11.6151450629276,568.71897787767,3.91959798994975,"all","all","all","all"
"10","total","RG","HBI",NA,NA,NA,NA,9631.63358831731,3.71859296482412,"all","all","all","all"
"10","total","all","HBI",228.565996048459,114.282998024229,0.580824355659148,NA,NA,NA,"all","all","all","all"
NA,"ag","DW","BZE5",1.63507786276089,0.817538931380443,0.00177211426608217,NA,115.920277216125,NA,"all","all","all","all"
NA,"ag","DW","HBI",2.29971164831168,1.14985582415584,0.00268835885379718,NA,221.276391237678,NA,"all","all","all","all"
NA,"ag","DW",NA,4.09957048088814,2.04978524044407,0.00482683163570065,NA,182.731471473695,NA,"all","all","all","all"
NA,"ag","LT","HBI",0,0,0,0,0,NA,"all","all","all","all"
NA,"ag","RG","BZE5",0.959295235232548,0.479647617616274,0.00441221575270574,NA,2939.43444363295,5,"all","all","all","all"
NA,"ag","RG","HBI",NA,NA,NA,NA,3168.10817199012,2.98930481283422,"all","all","all","all"
NA,"ag","RG",NA,NA,NA,NA,NA,3416.99090240182,6,"all","all","all","all"
NA,"ag","all","BZE5",9.07905219282132,4.53952609641066,0.0216103765568753,NA,NA,NA,"all","all","all","all"
NA,"ag","all","HBI",7.45297208007697,3.72648604003849,0.0138311880263476,NA,NA,NA,"all","all","all","all"
NA,"ag","all",NA,9.22965571263739,4.61482785631869,0.010677688799753,NA,NA,NA,"all","all","all","all"
NA,"bg","DW","HBI",0,0,0,NA,221.276391237678,NA,"all","all","all","all"
NA,"bg","LT","HBI",0,0,0,0,0,NA,"all","all","all","all"
NA,"bg","RG","BZE5",9.10788402550785e-08,4.55394201275393e-08,2.75968885972888e-10,NA,2939.43444363295,5,"all","all","all","all"
NA,"bg","RG","HBI",0.0790053898068226,0.0395026949034113,NA,NA,3168.10817199012,2.98930481283422,"all","all","all","all"
NA,"bg","RG",NA,NA,NA,NA,NA,3416.99090240182,6,"all","all","all","all"
NA,"bg","all","BZE5",1.82157680510157e-07,9.10788402550787e-08,5.51937771945777e-10,NA,NA,NA,"all","all","all","all"
NA,"bg","all","HBI",0.0967994053273915,0.0483997026636958,0.000309605529226093,NA,NA,NA,"all","all","all","all"
NA,"bg","all",NA,0,0,0,NA,NA,NA,"all","all","all","all"
NA,"fwb","DW","BZE5",0.609829437876527,0.304914718938263,0.00280582524366989,NA,115.920277216125,NA,"all","all","all","all"
NA,"fwb","DW","HBI",0.907297331815754,0.453648665907877,0.00432568329294571,NA,221.276391237678,NA,"all","all","all","all"
NA,"fwb","DW",NA,0.575357962979082,0.287678981489541,0.00249877963321815,NA,182.731471473695,NA,"all","all","all","all"
NA,"fwb","RG","BZE5",2.86024677890271,1.43012338945135,0.0131599954297314,NA,2939.43444363295,5,"all","all","all","all"
NA,"fwb","RG","HBI",1.45562683864629,0.727813419323146,0.00724523688924067,NA,3168.10817199012,2.98930481283422,"all","all","all","all"
NA,"fwb","RG",NA,NA,NA,NA,NA,3416.99090240182,6,"all","all","all","all"
NA,"ndl","RG","BZE5",2.73804785324881e-07,1.36902392662441e-07,0,NA,2939.43444363295,5,"all","all","all","all"
NA,"ndl","RG","HBI",0.0784673232574611,0.0392336616287306,0,NA,3168.10817199012,2.98930481283422,"all","all","all","all"
NA,"ndl","RG",NA,NA,NA,0,NA,3416.99090240182,6,"all","all","all","all"
NA,"sb","DW","BZE5",0.0728083286879431,0.0364041643439716,0.000526185791427764,NA,115.920277216125,NA,"all","all","all","all"
NA,"sb","DW","HBI",0.321951437538861,0.16097571876943,0.00182411882904801,NA,221.276391237678,NA,"all","all","all","all"
NA,"sb","DW",NA,0.190623038705039,0.0953115193525196,0.000922615507332391,NA,182.731471473695,NA,"all","all","all","all"
NA,"stb","DW","BZE5",0.00218905364589418,0.00109452682294709,1.58202906988773e-05,NA,115.920277216125,NA,"all","all","all","all"
NA,"stb","DW","HBI",0.0939667462922996,0.0469833731461498,0.000471567235344327,NA,221.276391237678,NA,"all","all","all","all"
NA,"stb","DW",NA,0.0074726852058902,0.0037363426029451,3.61677963965086e-05,NA,182.731471473695,NA,"all","all","all","all"
NA,"stw","DW","BZE5",0.0322674088119252,0.0161337044059626,4.30769907639202e-05,NA,115.920277216125,NA,"all","all","all","all"
NA,"stw","DW","HBI",1.11057872631682,0.555289363158412,0.000971093107299211,NA,221.276391237678,NA,"all","all","all","all"
NA,"stw","DW",NA,0.0816039597215899,0.0408019798607949,6.62624152939309e-05,NA,182.731471473695,NA,"all","all","all","all"
NA,"sw","DW","BZE5",0.91362274144857,0.456811370724285,0.00121968635983384,NA,115.920277216125,NA,"all","all","all","all"
NA,"sw","DW","HBI",2.92123005099182,1.46061502549591,0.00331765838684607,NA,221.276391237678,NA,"all","all","all","all"
NA,"sw","DW",NA,1.60294836536047,0.801474182680238,0.0013015940726727,NA,182.731471473695,NA,"all","all","all","all"
NA,"total","DW","HBI",0,0,0,NA,221.276391237678,NA,"all","all","all","all"
NA,"total","LT","HBI",0,0,0,0,0,NA,"all","all","all","all"
NA,"total","RG","BZE5",0.959295295951776,0.479647647975887,0.004412215936685,NA,2939.43444363295,5,"all","all","all","all"
NA,"total","RG","HBI",NA,NA,NA,NA,3168.10817199012,2.98930481283422,"all","all","all","all"
NA,"total","RG",NA,NA,NA,NA,NA,3416.99090240182,6,"all","all","all","all"
NA,"total","all","BZE5",2.87788588785533,1.43894294392766,0.013236647810055,NA,NA,NA,"all","all","all","all"
NA,"total","all","HBI",1.48756621230117,0.743783106150586,0.00441466091383151,NA,NA,NA,"all","all","all","all"
NA,"total","all",NA,0,0,0,NA,NA,NA,"all","all","all","all"
